#{"t_start": 1682099368.929204, "env_id": null}
r,l,t
-127.577031,115,1.534308
-47.2617,72,1.633718
-60.590864,11,1.648244
-140.873136,84,1.762606
-78.643456,142,1.950881
-111.121933,37,2.003242
-97.809219,120,2.186266
-105.118879,45,2.248314
-60.147374,13,2.264433
-107.326627,39,2.322244
-108.704428,30,2.366618
-65.017496,42,2.43037
-114.561674,40,2.490302
-43.105414,38,2.546109
-61.613596,25,2.580356
-99.877896,97,2.711276
-116.038185,60,2.807251
-136.193458,96,2.943666
-107.870365,40,2.99815
-150.929037,69,3.088356
-105.543969,30,3.127727
-104.471219,52,3.197542
-89.009897,99,3.333523
-108.726267,25,3.368374
-112.763187,46,3.43076
-102.595579,26,3.4661
-107.68887,56,3.540601
-99.995769,10,3.55492
-107.382659,23,3.588512
-100.579744,33,3.632539
-110.974887,121,3.800054
-110.563697,34,3.848548
-35.372592,111,4.009147
7.412666,151,4.219998
-82.878264,27,4.25616
-91.883504,88,4.376793
-100.704193,18,4.399665
-103.048629,11,4.417207
-121.693345,128,4.583865
-106.088532,46,4.646296
62.3361,151,4.84817
-90.198338,63,4.928857
-19.389689,151,5.14336
-6.589413,151,5.350539
13.334335,151,5.568005
-64.205906,26,5.606685
-100.089434,143,5.802015
-106.036704,106,5.941568
4.864264,151,6.161109
-109.951782,38,6.214416
-97.46665,51,6.284069
-46.234657,151,6.500137
-55.059742,151,6.721012
-92.08666,74,6.828428
-105.333404,29,6.868694
-101.994011,15,6.889325
-104.793907,52,6.968868
-13.671562,151,7.174496
-94.730338,149,7.388624
-105.46205,39,7.443408
-43.974889,27,7.479092
-119.265408,100,7.613066
-131.77073,111,7.770696
-109.854054,70,7.864886
-36.5302,151,8.08628
-51.864329,151,8.296027
-113.655808,57,8.385736
-111.964878,51,8.462515
-58.166203,32,8.505626
-21.87887,151,8.71004
-87.699852,120,8.871349
-103.527489,13,8.892087
-116.096886,48,8.962094
-115.58261,65,9.057929
-44.026918,151,9.267343
-95.568984,81,9.375787
-101.123141,26,9.410658
-6.892074,151,9.60902
-52.897484,151,9.823673
-13.853367,151,10.023532
15.823864,151,10.226284
15.621678,151,10.426429
-50.762715,151,10.666417
-29.363276,151,10.883041
-6.552182,151,11.095018
-102.924705,11,11.110447
-141.091501,140,11.314888
-104.405153,16,11.337143
-109.821738,41,11.400361
-43.657764,151,11.618012
-100.888624,21,11.64684
-37.273249,151,11.83481
-99.783599,31,11.882746
-95.037203,48,11.954512
-29.416872,151,12.171735
-102.142758,16,12.194213
-108.829404,96,12.342482
-93.06358,124,12.547695
8.287005,151,12.769972
-102.934233,69,12.866064
-99.70922,81,13.011355
-123.992055,83,13.128396
15.91297,151,13.359309
-98.355419,30,13.40067
-99.595161,68,13.514279
-93.065031,68,13.62284
-37.596986,151,13.820835
-103.879831,92,13.966467
-98.278416,32,14.009231
-123.813056,97,14.159397
-29.967452,151,14.3596
-52.361652,151,14.561126
325.241415,151,14.765705
-113.742064,143,14.978314
-29.229176,151,15.182734
-102.440316,11,15.196891
-99.654545,64,15.294023
-30.855842,151,15.510786
-108.826647,46,15.585026
-109.267437,99,15.73108
-105.44977,29,15.776909
-29.226354,151,16.015417
-97.386894,47,16.085641
-114.153649,59,16.164247
-13.97073,151,16.386522
-119.529631,104,16.531236
15.76753,151,16.746506
-114.741114,62,16.833157
-104.708291,101,16.977632
-110.003633,35,17.039305
-109.839097,52,17.114687
-112.454318,89,17.245569
16.437828,151,17.468189
8.892605,151,17.673765
-122.360341,114,17.836771
-14.335013,151,18.034556
-104.421823,16,18.055647
-105.027843,55,18.128438
-108.403931,94,18.254831
-121.512819,111,18.411595
8.319816,151,18.634327
-99.311031,113,18.799981
-6.524232,151,19.017069
7.427308,151,19.219968
-92.046138,146,19.420625
-29.551382,151,19.640355
-96.13681,37,19.692244
-89.846298,96,19.829174
-112.659015,67,19.930874
-105.272159,19,19.956513
-29.692188,151,20.16091
-85.170246,136,20.355672
-94.948022,92,20.483635
-52.139768,151,20.697036
-105.557741,24,20.731137
-114.595881,60,20.815427
1.421183,151,21.042391
-21.773519,151,21.283391
-104.032658,29,21.325382
-99.678437,54,21.408679
325.16671,151,21.642908
-123.952409,71,21.752626
-51.545384,151,21.973685
-99.168502,102,22.119262
-109.662527,41,22.180927
-103.779649,89,22.321728
-103.780158,12,22.342167
-102.801764,31,22.386925
-99.689306,67,22.482301
-44.782862,151,22.708712
-21.639449,151,22.920708
15.344583,151,23.123211
-121.354673,146,23.313571
-21.236161,151,23.514658
9.07888,151,23.71636
-96.982277,55,23.792398
-93.221615,65,23.881783
-21.380997,151,24.089152
-6.526517,151,24.294728
-44.205084,151,24.491099
-102.159735,50,24.556126
-99.710063,43,24.614394
-105.846682,42,24.669672
-96.428246,64,24.755348
-93.728446,105,24.89991
-105.233005,28,24.93596
-92.170085,140,25.120186
16.149477,151,25.320313
15.545815,151,25.526888
8.95643,151,25.729643
-21.326344,151,25.928639
-96.072101,38,25.978916
-93.098057,112,26.125682
1.08665,151,26.321694
-104.445179,105,26.457876
-22.310123,151,26.655197
324.748709,151,26.857897
-92.929065,127,27.022804
15.816805,151,27.217116
-101.051237,24,27.249324
-98.333648,30,27.288206
-14.07397,151,27.483114
-37.370269,151,27.680441
-108.11542,43,27.734512
-29.223571,151,27.927717
-118.48486,64,28.012117
0.381318,151,28.215363
-21.128572,151,28.412226
-51.489775,151,28.606474
-104.432369,101,28.737432
-104.821062,53,28.80675
113.306721,100,28.93874
-114.869278,62,29.021332
-106.889737,21,29.048391
-102.002444,44,29.10784
-21.09148,151,29.302467
-14.276418,151,29.500426
8.745248,151,29.69821
-114.708553,51,29.762808
-52.237763,151,29.957452
48.653052,70,30.048618
-97.255107,48,30.112089
-112.549377,52,30.17873
-6.713277,151,30.374647
-36.547998,151,30.570566
-51.756156,151,30.777447
-96.494821,58,30.851484
-84.789596,138,31.033202
1.094762,151,31.229826
-6.576745,151,31.425602
-94.057606,106,31.562356
16.626169,151,31.759998
8.120137,151,31.95472
-110.803284,76,32.061388
-6.618774,151,32.254933
-104.066384,45,32.313464
-109.314048,49,32.377327
-15.937383,40,32.430072
325.383841,151,32.624641
-14.677273,151,32.8184
93.963165,91,32.938336
-51.824541,151,33.134243
-36.469071,151,33.336086
-105.179251,114,33.484658
74.447544,82,33.588495
-117.9555,62,33.670988
-29.231766,151,33.86548
-37.086879,151,34.061089
-110.490982,114,34.214355
-13.857535,151,34.412554
-14.082929,151,34.618895
0.717583,151,34.816607
-36.304824,151,35.016377
-44.725203,151,35.210595
-21.850116,151,35.40587
-14.811687,151,35.619634
-18.939956,151,35.828157
0.240907,151,36.042787
-13.786618,151,36.239004
-95.344487,46,36.307008
-5.983899,151,36.504905
-29.272952,151,36.704876
8.725446,151,36.910899
-106.173876,22,36.939872
-95.16704,90,37.059333
-86.964166,122,37.218086
-52.277691,151,37.441164
-102.246143,48,37.508791
-119.66931,102,37.643013
8.599607,151,37.838175
-14.044865,151,38.034096
-120.563677,105,38.17089
-29.746487,151,38.365707
-110.660711,77,38.467716
-111.788687,62,38.547645
-14.491409,151,38.745329
-120.50014,143,38.931936
-132.414552,95,39.056683
-14.452841,151,39.252265
-88.79854,104,39.388105
-103.05999,33,39.42957
-29.5055,151,39.629272
-102.722056,31,39.669797
-108.459661,59,39.748174
-6.55616,151,39.945989
8.308685,151,40.141626
-97.967788,37,40.189018
-110.496214,44,40.250303
16.005825,151,40.483382
-6.269699,151,40.703718
-103.206836,77,40.81264
-22.300246,151,41.023534
-106.583814,47,41.087251
-37.258337,151,41.283807
9.021303,151,41.48722
-107.42977,52,41.558163
-36.813866,151,41.765083
-93.215233,125,41.927365
-89.039485,104,42.061877
-132.92278,96,42.188782
-103.823084,42,42.242
-97.065088,55,42.313625
-94.988473,48,42.377319
-28.817997,151,42.573135
-98.2385,34,42.61818
-102.515703,60,42.698634
-103.032716,66,42.793182
-37.112166,151,42.992383
-117.012699,121,43.149478
-14.077643,151,43.344264
-14.089703,151,43.544451
-21.670888,151,43.739754
-105.271759,38,43.7882
1.350189,151,43.988604
-104.2033,109,44.127809
-108.556436,30,44.167323
-13.350887,151,44.363899
-95.149327,87,44.476612
-104.398408,32,44.517522
325.356207,151,44.717382
-6.999424,151,44.912271
-130.070386,125,45.076181
-52.293241,151,45.319808
-6.363137,151,45.520854
-51.457777,151,45.710252
-52.13591,151,45.904259
-106.124141,64,45.982892
0.580279,151,46.178294
-95.728757,41,46.228798
-102.141426,16,46.248621
16.200787,151,46.437133
0.985181,151,46.628954
-28.89739,151,46.818873
-113.527596,47,46.876134
-96.365153,64,46.958054
15.728679,151,47.148854
-99.909913,16,47.168329
-122.105256,117,47.316158
-115.271353,53,47.380395
-99.574603,76,47.474442
-22.432628,151,47.665898
-44.635015,151,47.856044
-6.554989,151,48.067429
8.539835,151,48.297451
-51.792047,151,48.504778
-104.910583,115,48.659653
132.560986,109,48.806395
-115.291042,107,48.948651
-111.630683,48,49.009715
-106.487986,23,49.041673
-98.989815,138,49.222409
-104.99453,18,49.247203
-92.372261,144,49.436156
-91.962958,140,49.619499
48.644552,70,49.717521
8.807408,151,49.918758
-37.021971,151,50.121504
-13.978619,151,50.339083
0.757686,151,50.543056
-103.021779,71,50.648725
-44.031585,151,50.852164
-52.106526,151,51.050282
-101.611872,38,51.1012
325.317584,151,51.300355
-105.379324,59,51.37872
-104.407178,16,51.399494
-99.296897,91,51.518521
-6.727526,151,51.7159
-95.440949,43,51.773982
-28.378038,151,51.975614
-104.714097,17,51.999859
68.109252,79,52.099927
-29.582447,151,52.298323
-92.96308,125,52.461922
-93.285749,63,52.543244
1.417288,151,52.739221
-115.455247,65,52.823876
-107.142865,30,52.862808
-99.836931,25,52.89624
8.796233,151,53.098408
-101.60209,18,53.120606
-21.584684,151,53.319286
-106.588624,28,53.35786
-120.7147,141,53.542794
8.82499,151,53.744013
-7.374671,151,53.944432
-118.150186,129,54.111741
-36.871403,151,54.320583
8.918531,151,54.53063
0.413767,151,54.744347
-123.223627,120,54.920864
-6.617445,151,55.162133
-101.141899,13,55.184028
-108.228209,29,55.233338
-103.666388,40,55.297147
-103.19365,23,55.33195
-14.102144,151,55.531775
-88.463503,111,55.699855
-99.759671,49,55.768213
-103.346625,78,55.874335
-6.468012,151,56.092871
185.979957,134,56.273131
-36.589045,151,56.480311
-99.418203,77,56.59563
-29.410622,151,56.797142
0.058154,151,56.995724
-104.582375,48,57.060184
-37.120297,151,57.256057
141.356403,113,57.407379
-105.148516,116,57.561369
-22.255229,151,57.758392
-107.680706,55,57.829665
-111.493478,40,57.88198
-21.785489,151,58.078342
-90.484922,89,58.196249
-97.881045,21,58.222993
-99.062968,122,58.379613
-120.549908,109,58.522742
-117.537419,94,58.646724
-6.211526,151,58.849976
-101.331051,31,58.889549
-115.557949,81,58.997997
-114.228828,98,59.124256
324.783069,151,59.322453
-110.481287,37,59.374073
-51.528817,151,59.570019
-98.060951,36,59.616819
-103.517365,13,59.636587
-109.565715,29,59.675849
-99.49681,94,59.80431
-109.093402,38,59.855488
0.292061,151,60.058868
-13.629006,151,60.262715
-29.442227,151,60.475954
-99.481659,54,60.546797
0.900592,151,60.755137
-6.372266,151,60.953978
-87.366229,118,61.107846
-104.701545,17,61.132469
-113.142395,46,61.197277
-94.21348,56,61.274178
1.20925,151,61.477667
-109.093113,47,61.541318
-99.888386,25,61.574342
15.893086,151,61.775187
1.514352,151,61.975417
15.843837,151,62.179402
-44.025299,151,62.397397
0.880889,151,62.607048
-36.302934,151,62.80599
-7.105054,151,63.010739
-28.636874,151,63.232059
-22.169994,151,63.453632
-99.673772,49,63.517569
-14.897941,151,63.722255
-14.553005,151,63.943317
-6.271407,151,64.198881
-91.792551,77,64.29848
-112.332926,126,64.471193
7.917841,151,64.706224
-87.574157,119,64.86394
-102.347039,13,64.880689
-107.148482,38,64.935131
-84.656838,148,65.138562
-7.437693,151,65.346085
-99.66637,72,65.446624
-97.700399,23,65.481131
-22.374086,151,65.683282
-28.915116,151,65.882731
-128.609322,97,66.011265
8.854331,151,66.210383
8.466983,151,66.408594
-51.982348,151,66.606427
-112.385454,52,66.673127
-112.351806,127,66.839526
-106.524136,46,66.904176
-35.261334,151,67.101148
-93.97824,104,67.251211
7.791137,151,67.457179
324.928046,151,67.657631
-103.53104,78,67.77025
-104.122892,13,67.793035
-29.348639,151,67.999709
-103.483036,19,68.029175
-45.083361,151,68.240568
-22.146683,151,68.459782
-108.797884,93,68.584127
-36.808864,151,68.779988
-36.869499,151,68.976115
8.589831,151,69.174578
-125.270822,106,69.312654
-99.308639,112,69.459984
-13.896941,151,69.660694
-44.099386,151,69.858059
-104.932961,35,69.903711
29.202603,61,69.982008
-37.331037,151,70.196923
-114.682489,62,70.277041
-108.65295,46,70.337035
-21.475481,151,70.533494
-6.585539,151,70.737488
-14.07552,151,70.940975
-99.633156,73,71.039348
-7.125802,151,71.256468
325.223321,151,71.453518
-21.76484,151,71.653805
-52.596033,151,71.856228
-44.57099,151,72.083925
-122.282227,92,72.212929
-105.30336,38,72.263017
-29.49495,151,72.46618
15.936946,151,72.674184
-90.377201,89,72.831746
-106.293757,27,72.866082
-28.56488,151,73.095006
-102.283523,54,73.183598
16.216317,151,73.399405
8.120288,151,73.602901
1.125357,151,73.8104
-107.97984,28,73.846216
-99.560428,107,73.99041
-92.683674,141,74.174655
-110.3821,73,74.268703
-6.959829,151,74.471469
-104.257126,23,74.500138
-107.183907,78,74.602947
-107.644922,27,74.6382
-3.008007,46,74.696506
-106.357796,45,74.755192
-44.061184,151,74.949874
16.110638,151,75.15312
-103.691029,40,75.20857
-133.586425,141,75.400805
-36.163725,151,75.597828
-51.514344,151,75.818129
-108.245656,35,75.869229
-45.144829,151,76.07301
325.200965,151,76.274441
-85.667822,137,76.483535
-99.437629,65,76.580034
-51.48138,151,76.781413
-106.761324,73,76.873955
-108.339371,44,76.930212
-105.514804,40,76.981297
8.366002,151,77.180951
7.986077,151,77.387628
-99.723113,87,77.513639
-98.603673,26,77.551743
8.813074,151,77.763828
8.014564,151,77.962166
-21.259297,151,78.178034
9.312772,151,78.404091
-6.393094,151,78.634276
-103.456306,38,78.693474
-99.677972,58,78.779654
-104.832422,52,78.852085
-13.459484,151,79.063765
-104.273569,102,79.200585
8.026652,151,79.417379
-103.405306,81,79.548389
-13.912126,151,79.781353
-21.723931,151,79.982688
-88.193581,112,80.126561
7.348848,151,80.33483
-106.763541,36,80.384825
-51.801343,151,80.58199
-93.658356,109,80.74716
7.966777,151,80.966582
16.856919,151,81.184492
-95.491921,76,81.282932
8.96002,151,81.485029
-99.517519,82,81.604837
-104.898453,53,81.67824
0.964917,151,81.881001
-51.904144,151,82.086024
-97.000846,54,82.159276
-29.175066,151,82.373319
-98.420644,29,82.416193
-100.947936,23,82.447761
-7.025997,151,82.652572
-117.924431,62,82.744956
-13.845465,151,82.957622
0.361049,151,83.173282
15.694438,151,83.39075
40.065421,66,83.497958
-21.631914,151,83.7427
-104.378727,19,83.770872
7.976548,151,83.992128
-98.590734,26,84.026059
-103.190781,70,84.130911
-91.754168,136,84.327376
-106.202333,66,84.409944
-6.877546,151,84.603628
-37.131778,151,84.815428
-99.694798,47,84.878581
1.709585,151,85.104284
-87.318821,123,85.292556
-101.779825,20,85.323752
-14.432901,151,85.53679
-52.266704,151,85.746964
-29.030759,151,85.966055
-30.028142,151,86.174578
-21.88584,151,86.422209
-51.656641,151,86.644022
-22.087519,151,86.879337
-97.351644,26,86.918824
-99.813757,26,86.962618
16.204671,151,87.15973
-107.274107,81,87.274889
-6.118883,151,87.488645
-102.721014,20,87.514329
-37.299802,151,87.711306
-36.540222,151,87.92
-105.915282,138,88.111628
1.270012,151,88.312913
-98.192021,18,88.335232
-22.152424,151,88.547452
-102.132926,12,88.567205
-104.318499,48,88.632577
-107.985021,42,88.693087
-37.719358,151,88.90925
-110.878351,117,89.078129
-88.976101,106,89.234254
-109.996435,71,89.33469
15.908932,151,89.551273
-107.611019,40,89.635967
-97.540878,46,89.698742
8.138109,151,89.887149
-44.848715,151,90.081755
-44.659287,151,90.269157
7.721317,151,90.456637
-98.98536,113,90.602938
-36.880227,151,90.79127
-103.909057,28,90.824535
-108.543178,36,90.872822
-109.520368,105,91.009719
1.503689,151,91.208438
-103.676208,16,91.228982
-86.351818,136,91.40406
325.239135,151,91.593707
-37.346849,151,91.801362
-44.092976,151,92.003464
-13.952036,151,92.194548
-5.892903,151,92.4084
16.033741,151,92.622129
-94.715571,97,92.761239
-29.81683,151,92.968219
-86.99916,123,93.138489
-117.881935,74,93.242445
-106.903915,48,93.312362
-29.900257,151,93.514721
-103.73849,89,93.630307
15.273772,151,93.828346
-102.488203,57,93.905914
-104.984231,18,93.92777
8.812697,151,94.121834
15.964768,151,94.317778
-109.263955,39,94.365826
-110.770352,38,94.415829
-96.602003,62,94.495219
-118.382485,63,94.580484
-127.365467,95,94.705475
-30.082735,151,94.900392
0.422423,151,95.094777
-13.678252,151,95.292255
-101.729468,13,95.307697
-122.108106,151,95.50137
15.855882,151,95.699327
325.145966,151,95.896471
-14.144604,151,96.090896
-36.618778,151,96.287346
16.599221,151,96.493206
205.46336,143,96.689323
-106.184731,44,96.747052
-36.487662,151,96.943012
-52.451212,151,97.138557
-105.911125,142,97.326475
-94.279413,104,97.459042
-89.903789,96,97.585189
-20.68243,151,97.779988
-51.989537,151,97.976325
-106.197276,33,98.021063
-21.50621,151,98.216041
-113.34273,56,98.288233
-94.258596,103,98.422865
-44.197395,151,98.620223
8.838576,151,98.814105
-21.660686,151,99.026522
-106.032833,138,99.224652
-22.175922,151,99.439754
8.357501,151,99.655455
-103.610227,26,99.705845
-52.996992,151,99.927166
-93.110614,132,100.102116
-113.115371,91,100.220675
-21.856643,151,100.426665
-110.117575,43,100.498389
-104.092405,15,100.523497
-51.893976,151,100.744972
-13.709615,151,100.951984
16.290302,151,101.152096
-92.787875,68,101.243382
15.643496,151,101.440339
-52.078617,151,101.6386
-99.468404,127,101.80646
325.250087,151,102.012005
-110.019439,35,102.058314
-99.872568,29,102.0975
-120.502918,84,102.20946
-105.082992,56,102.282575
16.162476,151,102.482656
-106.588237,35,102.532163
-103.555833,83,102.664955
-99.227367,120,102.821315
0.96649,151,103.035411
-44.86973,151,103.254606
-126.142636,108,103.400411
1.442739,151,103.634497
-119.822749,83,103.754806
-92.838962,69,103.851834
-36.21034,151,104.070604
-99.673137,57,104.148582
-44.268011,151,104.350456
-116.144482,56,104.427827
-103.814272,14,104.449611
-99.70133,41,104.511953
15.656901,151,104.738623
-29.196614,151,104.951414
-119.981574,69,105.046223
-52.105358,151,105.24428
-36.965949,151,105.447295
-106.883563,21,105.476129
-98.06166,35,105.541258
324.895762,151,105.771598
1.440637,151,105.999348
-51.590689,151,106.221166
-113.402573,70,106.327278
-6.053437,151,106.528982
-109.801828,69,106.632045
9.193637,151,106.865641
-98.749876,23,106.905366
-110.551357,55,106.985205
325.167516,151,107.208735
-29.73889,151,107.435091
-99.802245,40,107.48759
-108.630616,61,107.567594
-90.611971,88,107.684432
-107.78848,33,107.726419
-96.336726,65,107.819399
-110.882055,77,107.941019
-36.638984,151,108.170267
-7.077171,151,108.41998
-6.298766,151,108.627009
-22.561302,151,108.865087
-20.70624,151,109.075199
-128.972896,120,109.239344
-97.891577,21,109.267623
-104.293032,46,109.329332
-108.520356,30,109.371537
-21.794276,151,109.568812
-99.805329,39,109.621266
-6.811708,151,109.833259
-22.049813,151,110.056154
-109.678233,68,110.143347
-105.51018,17,110.172891
106.89596,97,110.319085
-95.091694,87,110.436348
-51.764705,151,110.668369
-116.057465,56,110.745301
-28.862245,151,110.949219
-95.310221,45,111.012131
15.935022,151,111.222529
-109.101015,32,111.264789
-29.545099,151,111.458322
-44.229771,151,111.64926
16.776061,151,111.840173
-99.296657,135,112.01056
-109.919833,42,112.065386
-94.348583,54,112.130564
-118.777047,98,112.254914
-128.445085,117,112.402298
-21.92224,151,112.597239
325.240641,151,112.798908
-21.981565,151,112.997903
-44.548908,151,113.206908
-118.497825,75,113.307198
0.869026,151,113.509399
-106.856801,29,113.547626
-51.365728,151,113.74387
-6.443062,151,113.953845
-95.35679,45,114.01317
223.122932,151,114.224091
-52.004984,151,114.423748
-95.282702,83,114.544994
-99.039419,128,114.732113
61.472792,76,114.84355
-44.604869,151,115.057706
-108.2232,29,115.095051
-99.119753,117,115.276763
1.041205,151,115.503743
-29.134238,151,115.722191
-111.772017,41,115.780698
-130.626053,127,115.959918
-52.081153,151,116.187228
-28.930027,151,116.405208
-105.964456,42,116.465781
-43.401347,151,116.676127
0.65726,151,116.884535
-103.253919,73,116.993692
-95.84664,73,117.129435
0.702383,151,117.332454
-44.4536,151,117.542631
-52.296916,151,117.762818
-121.459946,74,117.870096
-105.995107,32,117.915829
-7.014381,151,118.170606
-99.372526,120,118.373568
85.127729,87,118.499628
-111.466626,40,118.560481
325.258339,151,118.770395
-110.947199,46,118.830646
-93.616037,115,118.988505
-6.484807,151,119.193982
-43.532208,151,119.395041
-110.126295,71,119.490733
1.181041,151,119.703458
-37.574414,151,119.921339
-98.911744,100,120.076878
160.66193,122,120.258604
-52.51499,151,120.469229
-21.893186,151,120.680772
-52.213386,151,120.89504
-99.436402,64,120.987557
-104.736828,50,121.065264
-5.970805,151,121.289005
-0.136622,151,121.508
-100.978115,24,121.55142
-14.039592,151,121.764434
-102.378338,59,121.85165
-99.398065,83,121.973865
-93.729498,121,122.130605
-28.725785,151,122.326128
158.618435,121,122.487475
-14.138186,151,122.68317
-6.380921,151,122.879994
0.54899,151,123.095402
325.120554,151,123.301526
-97.644959,23,123.332656
-106.855631,74,123.430251
-93.693204,58,123.515251
-6.802565,151,123.723177
-21.910614,151,123.954261
-105.028023,27,123.992448
-29.321683,151,124.189115
-37.192287,151,124.384703
-110.80696,57,124.462174
-43.957662,151,124.666255
-105.379983,23,124.694326
-44.478476,151,124.90224
0.690589,151,125.106521
-52.434599,151,125.321036
325.429909,151,125.545388
8.26048,151,125.761669
16.119865,151,125.974294
-20.597091,151,126.174886
-7.023741,151,126.373503
-51.72471,151,126.587928
-88.077995,114,126.754308
-102.717372,15,126.777088
-21.569543,151,126.97933
-108.614629,36,127.025636
15.985155,151,127.243463
-29.415731,151,127.44443
-104.417078,16,127.465671
-108.331786,44,127.524021
-113.74597,57,127.597687
0.681936,151,127.796517
-115.869703,55,127.869318
-103.849038,21,127.899738
-109.32908,104,128.039995
-95.208136,86,128.166744
-111.962257,85,128.292139
-98.901801,142,128.478589
-112.187822,87,128.594583
8.17337,151,128.822026
-101.984673,45,128.881084
-14.325857,151,129.078579
-37.190684,151,129.279503
-110.080497,43,129.34656
0.247963,151,129.572619
-7.365427,151,129.78534
-134.985842,119,129.950465
-110.170433,43,130.004998
-92.937422,68,130.096131
-51.327856,151,130.292849
-22.182367,151,130.500191
325.208124,151,130.728081
-104.110077,13,130.748312
-106.4244,23,130.788057
-108.294327,58,130.873514
-119.714822,83,130.9979
-36.4362,151,131.21271
-99.569979,96,131.335649
-99.620747,63,131.420389
-103.677301,20,131.447957
-104.126346,15,131.469116
-90.780084,88,131.586895
-6.312727,151,131.811708
-52.40658,151,132.009817
-98.998375,91,132.142188
-108.491155,36,132.191939
-7.139345,151,132.398474
-6.960735,151,132.604512
325.412908,151,132.807154
-106.906387,49,132.876128
-44.42414,151,133.084244
-101.446774,11,133.098876
-105.597346,24,133.132226
-22.152565,151,133.335019
-94.414708,103,133.477158
-103.010084,70,133.569553
-109.75806,34,133.61622
-29.436372,151,133.816255
-115.5782,54,133.887436
-103.759143,27,133.921348
-107.747427,81,134.02668
-105.868785,25,134.060169
-111.257379,117,134.220319
0.972971,151,134.422281
-52.200644,151,134.628215
-36.960075,151,134.839886
-102.172428,24,134.876412
-117.600059,61,134.969871
29.293372,61,135.052028
16.107059,151,135.258475
-95.673239,76,135.356729
-117.999971,75,135.461507
8.162578,151,135.662754
-96.682848,59,135.740431
-44.5351,151,135.941113
-6.782925,151,136.144278
-97.204934,27,136.184979
-105.401403,29,136.221095
325.39001,151,136.440372
-97.163134,52,136.511893
-108.0631,34,136.557521
-28.81394,151,136.763804
-45.164065,151,136.996499
-97.004645,55,137.070366
15.772617,151,137.277895
-52.563818,151,137.48124
-102.732151,20,137.508131
16.229969,151,137.727655
-111.965033,129,137.907936
-6.669178,151,138.114069
223.005362,151,138.315505
-6.726492,151,138.51841
-93.999874,106,138.662868
-105.178798,28,138.703213
-7.233349,151,138.907729
201.60867,141,139.110827
-109.107412,32,139.156197
-14.664685,151,139.356322
-114.211891,50,139.42297
-44.007449,151,139.629914
-107.766691,85,139.769113
-56.901231,21,139.803054
7.996833,151,140.028515
-94.914845,100,140.179438
16.167557,151,140.387527
-102.658723,29,140.433175
-105.070508,27,140.470734
-104.943375,53,140.545146
197.405733,139,140.73385
-99.445396,81,140.844688
-105.249863,110,140.993193
-36.782334,151,141.194129
-28.70755,151,141.390756
-102.71865,30,141.43035
-114.073138,59,141.50828
-101.829013,45,141.56859
-104.156507,18,141.592982
-21.48203,151,141.804858
-103.539483,83,141.910939
-95.04114,89,142.028593
-102.012677,44,142.088381
8.38287,151,142.288206
-37.006163,151,142.486556
-29.00628,151,142.684212
-44.206436,151,142.884714
0.879338,151,143.085068
-103.672182,86,143.196723
-21.427855,151,143.392804
-106.154062,66,143.4797
9.041722,151,143.679994
-44.433615,151,143.890831
-99.605944,75,143.989675
-107.512361,79,144.104086
-112.819063,90,144.230402
-119.568173,100,144.39396
-107.653124,81,144.520608
-36.975878,151,144.740135
9.257644,151,144.938096
-45.187775,151,145.134504
-21.503652,151,145.338825
1.222911,151,145.545632
-101.12512,26,145.582031
-6.27205,151,145.799516
-28.636458,151,146.003065
-109.647445,41,146.059343
-118.578025,97,146.203949
8.769093,151,146.40698
-28.950006,151,146.620574
8.793464,151,146.832758
-102.195997,52,146.903406
-105.189705,37,146.955897
-121.876567,90,147.080132
-99.679115,79,147.188745
-111.474169,48,147.259487
-7.022685,151,147.467132
-36.552691,151,147.673186
-52.431727,151,147.87878
-104.778288,117,148.034488
16.108253,151,148.236734
16.203661,151,148.435175
98.107844,93,148.56792
15.987763,151,148.774441
-99.462301,94,148.903888
-103.71107,27,148.940131
-44.448267,151,149.145847
-112.290761,43,149.205233
-14.396866,151,149.407422
-110.684302,57,149.495964
-101.577085,36,149.548188
-93.815319,110,149.723135
-44.328832,151,149.926808
324.921987,151,150.169589
-36.46137,151,150.387367
-37.686706,151,150.596524
324.982396,151,150.794697
9.177345,151,150.991817
16.624894,151,151.19281
-6.169631,151,151.393299
-107.013035,50,151.459656
-96.525964,61,151.542361
-95.09331,98,151.671837
-96.537356,61,151.762742
2.040214,151,151.974654
-112.522262,65,152.060606
-112.378049,52,152.128214
-22.220902,151,152.327283
-107.552568,54,152.40005
-122.959089,119,152.585609
-105.616767,30,152.628758
-117.191253,72,152.725336
-13.784433,151,152.935229
-45.48572,151,153.137463
-105.967799,66,153.222893
1.505367,151,153.435204
-99.768112,38,153.496386
-121.479284,110,153.651656
-28.898264,151,153.856599
-14.273378,151,154.061738
-101.982547,22,154.089741
-29.701747,151,154.294568
-20.70211,151,154.49688
-120.947811,72,154.597268
111.114797,99,154.733966
-115.51392,110,154.879961
-103.10092,75,154.982476
-103.226765,23,155.015725
-35.571729,151,155.224546
-44.102937,151,155.443083
-52.22548,151,155.659272
-30.342957,151,155.861719
-14.168604,151,156.108655
-29.075535,151,156.325253
-98.688674,149,156.531373
-100.740763,18,156.553671
-105.351437,58,156.632656
-109.612553,51,156.699629
-95.781575,41,156.754061
-7.026627,151,156.964978
-116.22287,113,157.116776
-14.237815,151,157.319159
9.157468,151,157.529141
1.279903,151,157.747154
-102.435357,18,157.772185
-36.988963,151,157.991248
-88.958812,107,158.143335
-105.985196,131,158.333361
-95.407099,45,158.398224
-28.791069,151,158.601998
1.558928,151,158.829388
-108.971163,94,158.962725
-5.968582,151,159.174435
-113.965118,98,159.322627
-104.613965,25,159.359864
-103.180047,14,159.382234
-6.047587,151,159.591591
8.142584,151,159.809211
-14.556708,151,160.020573
-97.045638,29,160.062637
-105.585961,20,160.090732
-14.144761,151,160.30093
-104.880703,26,160.339501
-108.670646,92,160.47049
-52.214464,151,160.670125
-126.036681,140,160.868543
-149.18702,145,161.063991
0.826817,151,161.263351
-104.020883,29,161.302227
-98.990349,145,161.528636
-83.668739,145,161.723025
8.229875,151,161.919859
-102.261016,51,161.989188
8.660898,151,162.185539
16.817685,151,162.381377
-14.205891,151,162.582214
-18.095472,39,162.634148
1.34008,151,162.832662
-18.094073,39,162.884959
-109.943971,103,163.021744
-36.270704,151,163.21772
-94.228823,109,163.359826
0.529187,151,163.554997
-99.877408,20,163.581149
-6.145374,151,163.776305
-14.071137,151,163.974516
-99.857235,31,164.014518
-109.408866,33,164.059461
-128.633656,98,164.187182
-22.028359,151,164.381116
-52.015977,151,164.577539
-52.839121,151,164.774471
-52.251716,151,164.969177
-106.479213,23,165.00053
-13.625371,151,165.200264
-29.360529,151,165.396497
-96.942854,57,165.471877
-99.538309,68,165.558034
325.267949,151,165.756872
-91.282181,148,165.947358
8.445859,151,166.141812
324.926799,151,166.338707
-29.634882,151,166.536011
-99.873428,26,166.569494
-13.968355,151,166.764063
-21.60973,151,166.960662
-36.172631,151,167.166835
-103.873826,17,167.188166
-96.598782,63,167.279662
-108.285367,86,167.393364
-6.444521,151,167.588991
-14.275155,151,167.797912
-21.29906,151,168.001152
-107.262456,52,168.079389
8.698821,151,168.300795
-97.255377,49,168.368752
-14.858825,151,168.56807
-44.026306,151,168.773965
-52.742918,151,168.991195
-37.760654,151,169.201831
7.500366,151,169.430483
-28.87573,151,169.628633
9.406845,151,169.827636
-92.323741,137,170.010242
-45.017614,151,170.209896
9.298885,151,170.410085
-29.509924,151,170.612192
-37.304305,151,170.809626
8.510938,151,171.008364
-52.397834,151,171.205511
-107.065673,30,171.245221
-132.368054,135,171.422091
0.544201,151,171.617996
-28.490169,151,171.818227
-93.377997,117,171.975976
-7.022102,151,172.202348
-118.981418,98,172.337379
-109.322989,67,172.432901
-100.773437,18,172.456286
-104.37317,19,172.485047
-43.945761,151,172.69458
-118.669082,134,172.882366
182.222461,132,173.06749
-101.54476,9,173.077881
-14.263113,151,173.29478
-91.403646,80,173.406889
-88.04479,121,173.58003
-111.871519,83,173.687894
325.448941,151,173.894145
-14.080205,151,174.105018
-102.274295,25,174.140862
-97.211154,50,174.208759
-98.948555,126,174.376218
-52.354067,151,174.583799
-21.642083,151,174.838893
15.394083,151,175.036598
0.994427,151,175.231866
-44.378907,151,175.434252
-104.485057,105,175.571093
-36.234598,151,175.76803
-114.623173,76,175.86632
325.373746,151,176.06836
-92.69391,71,176.160758
-102.477105,27,176.194583
325.326703,151,176.390705
-0.291934,151,176.589035
-37.191003,151,176.784262
-106.160257,22,176.811691
-44.357695,151,177.007093
-95.91095,72,177.102073
-13.961259,151,177.30693
-84.674924,144,177.495419
-106.485051,46,177.554231
-21.843825,151,177.757077
-15.245827,151,177.983274
-99.491661,67,178.07896
-93.844186,113,178.225356
-116.285942,110,178.36855
-36.634854,151,178.56665
-95.210994,84,178.676071
-110.097725,42,178.733228
-29.632785,151,178.927469
-14.111923,151,179.124536
-103.324192,76,179.221935
-52.035208,151,179.436561
-21.742117,151,179.63244
70.122738,80,179.735919
-104.990688,18,179.757343
-107.071151,38,179.807019
-22.067,151,180.006339
-112.015347,131,180.175689
-105.841809,31,180.218474
0.40042,151,180.413383
-95.898224,73,180.506561
325.399518,151,180.740567
15.806262,151,180.934938
8.222897,151,181.132259
-13.858441,151,181.335953
-107.667155,27,181.37285
-36.46346,151,181.567863
-36.931261,151,181.761576
1.237507,151,181.957932
-116.513918,118,182.111914
-112.4027,52,182.178355
16.044939,151,182.371396
182.195158,132,182.544343
-22.835305,151,182.742896
-44.474777,151,182.936852
152.177435,118,183.091503
8.659396,151,183.287076
-103.518805,39,183.338513
-28.966797,151,183.534301
-51.948817,151,183.743167
-109.440696,33,183.787131
-108.005565,43,183.840929
-110.401582,111,183.9901
8.230568,151,184.185213
8.002646,151,184.37843
0.890803,151,184.573557
-111.709133,125,184.737353
-22.172195,151,184.930914
-122.218519,117,185.084821
-21.692964,151,185.28313
-112.317636,43,185.340345
7.669278,151,185.535465
8.466155,151,185.729852
324.997096,151,185.925749
-117.277654,60,186.004125
-89.849784,97,186.132593
-29.416203,151,186.327089
-44.17457,151,186.525301
-106.041359,67,186.610827
1.168613,151,186.811168
-29.343944,151,187.007927
-109.507879,50,187.073275
0.929637,151,187.269654
-21.361808,151,187.464554
-118.583248,79,187.567293
8.445229,151,187.762108
-99.649485,62,187.853724
-98.3202,149,188.044488
-21.609752,151,188.241782
-29.080742,151,188.437153
-100.70956,17,188.458998
-51.41299,151,188.666122
-105.010497,120,188.839569
-43.992233,151,189.061196
-51.832664,151,189.271313
-125.106443,104,189.418513
-99.408612,96,189.546165
-103.180541,23,189.576097
-99.034899,119,189.735682
-106.868446,49,189.801952
-52.583001,23,189.837059
-100.613322,15,189.859957
-95.022132,94,189.993181
8.074657,151,190.196161
-92.258788,145,190.386537
-111.448978,40,190.439276
-6.771978,151,190.641292
-51.289697,151,190.841707
-6.775459,151,191.052711
-120.462857,138,191.26768
-92.857818,127,191.434783
-6.369613,151,191.661196
-104.970482,108,191.819258
-13.760357,151,192.029255
8.438659,151,192.226945
-91.232977,149,192.430199
-105.932927,64,192.51651
-92.662804,123,192.678783
-103.533006,13,192.694316
-104.047054,22,192.725006
-99.814015,25,192.758071
-93.176531,123,192.918644
-37.046142,151,193.123579
-51.438416,151,193.32611
-120.383062,84,193.432816
-103.987582,44,193.490965
-105.554832,20,193.517562
-6.6475,151,193.719045
-99.74313,42,193.778304
-127.07518,94,193.911642
-29.06482,151,194.129774
15.037571,151,194.33853
-37.149639,151,194.535386
-101.50862,17,194.559429
-44.082169,151,194.788526
1.312961,151,195.000454
-105.254556,28,195.042291
16.265047,151,195.270755
186.478689,134,195.468809
-90.575797,89,195.591217
-109.410389,67,195.687585
16.116589,151,195.90184
-104.713498,17,195.929739
-108.104262,58,196.010335
-6.683259,151,196.215286
-105.274429,19,196.246033
-116.896379,90,196.367254
-103.399295,38,196.419879
16.135137,151,196.622507
-0.849177,47,196.683037
-93.813736,106,196.821156
-21.163973,151,197.056474
8.016141,151,197.253957
16.252063,151,197.449483
-36.554991,151,197.654936
-21.820689,151,197.869497
-13.95551,151,198.091433
-22.001636,151,198.28665
-44.537579,151,198.503696
-99.594201,54,198.583287
-114.719688,77,198.685082
-51.396195,151,198.888824
-99.494486,79,199.001449
-98.978851,130,199.189218
-103.517911,13,199.209412
-103.240262,12,199.225215
-29.229988,151,199.436097
-95.387085,81,199.553286
-13.938057,151,199.765785
0.435882,151,199.975043
-6.746585,151,200.183919
-105.290742,19,200.21115
-96.198246,37,200.264665
-110.012393,71,200.364944
-22.062185,151,200.571677
-6.525675,151,200.785714
-92.025757,147,200.978445
-104.058331,100,201.124661
-44.825343,151,201.329549
-28.780043,151,201.53565
-103.05824,22,201.563291
1.341876,151,201.764878
-111.457115,60,201.868209
-99.624552,79,201.976132
-13.626058,151,202.172398
9.200021,151,202.371463
-125.827488,105,202.509969
-21.571608,151,202.707237
-20.794578,151,202.904185
15.714732,151,203.11074
-52.24039,151,203.311376
-85.423091,141,203.497782
-112.570035,52,203.563838
-94.874646,50,203.629201
8.135455,151,203.825312
-105.54256,40,203.877382
-116.401156,115,204.027046
-29.542411,151,204.223086
-13.603267,151,204.423017
-14.340263,151,204.619019
-13.987375,151,204.816893
-28.663116,151,205.012375
-112.734124,53,205.082966
-13.709129,151,205.27928
15.246901,151,205.47408
-116.758534,58,205.551153
-95.29712,85,205.66586
-120.159757,70,205.758604
-6.804866,151,205.957147
-29.309581,151,206.153415
0.283567,151,206.349505
-98.574341,27,206.386789
-108.180228,29,206.425267
-6.04169,151,206.620489
-121.2098,149,206.814091
-44.777888,151,207.01248
-93.676032,110,207.156188
-102.678914,61,207.234597
-98.141921,35,207.279617
-14.291826,151,207.474043
8.708626,151,207.670497
-98.240039,32,207.714352
-52.210068,151,207.912826
-44.171187,151,208.12016
-92.93875,66,208.21876
-93.001263,67,208.320868
-104.792894,54,208.399266
-101.939148,11,208.413799
-22.381737,151,208.620926
-52.089316,151,208.824651
-104.369994,31,208.865047
-15.937316,40,208.921049
-92.648433,133,209.100618
-28.619094,151,209.304599
-113.539784,71,209.398022
-36.363196,151,209.62464
325.269704,151,209.832849
8.162833,151,210.035424
-51.361656,151,210.234619
-104.712358,109,210.37921
-22.784565,151,210.578451
-99.788073,92,210.703853
8.444778,151,210.899837
16.328733,151,211.099774
-99.655445,50,211.165475
0.585516,151,211.371205
-108.230303,29,211.409851
-100.985539,24,211.442119
-52.148234,151,211.641658
-107.401659,26,211.674881
-14.550969,151,211.874498
-52.106133,151,212.07391
-29.461144,151,212.270149
325.274925,151,212.472342
-51.321877,151,212.667591
-90.884598,87,212.782746
-110.162922,110,212.929694
-94.555857,96,213.06585
-99.83559,24,213.099174
-110.20151,53,213.166531
15.646469,151,213.361692
8.21369,151,213.564439
-36.486126,151,213.766921
-93.868941,59,213.845841
-29.339229,151,214.045909
7.787149,151,214.248693
-105.001889,18,214.285551
-52.05761,151,214.490134
-99.231337,111,214.638396
-93.574959,63,214.730262
-52.373787,151,214.932522
-112.535192,67,215.022742
-13.850315,151,215.223677
-99.310017,66,215.317632
-109.569564,102,215.453348
-30.193644,151,215.659768
15.940053,151,215.867018
-113.753799,41,215.923291
-37.394192,151,216.121739
-103.700197,20,216.148025
-106.814444,29,216.18818
-113.772169,58,216.269224
0.603969,151,216.495227
-116.782134,70,216.593929
-101.725422,13,216.613008
-51.882606,151,216.815208
-52.09077,151,217.032434
-37.32374,151,217.263964
0.218353,151,217.483952
-99.629436,61,217.573162
-131.571204,130,217.758809
1.023708,151,217.975214
-95.243045,46,218.042883
-106.142369,22,218.075704
16.443815,151,218.290915
192.690285,137,218.480935
-52.064986,151,218.717302
-84.698961,144,218.929979
-106.59766,71,219.031119
-44.450951,151,219.235658
-29.862951,151,219.440695
-105.956484,32,219.481786
-21.398244,151,219.685515
-7.52232,151,219.91982
-91.023156,86,220.039137
-99.771174,45,220.102252
-107.707918,86,220.241656
-99.339229,91,220.381503
-104.160579,45,220.440862
-22.089337,151,220.644209
325.133562,151,220.841643
-106.868085,74,220.940568
-37.409425,151,221.138857
-13.205859,151,221.336518
-103.288378,18,221.361372
-15.083493,151,221.559588
-107.179696,38,221.607794
-94.213123,57,221.68439
-125.970917,109,221.827392
15.806313,151,222.026801
16.20621,151,222.239205
-88.817107,110,222.400788
-14.730864,151,222.607362
-104.287671,97,222.744064
-99.732844,107,222.882853
-84.729911,145,223.073321
16.363348,151,223.284055
-108.471464,58,223.366904
-36.908493,151,223.567842
-29.170001,151,223.767405
-95.439482,79,223.871165
0.630732,151,224.070905
-36.662168,151,224.268011
-102.410314,57,224.344343
-99.827224,36,224.390577
-22.425677,151,224.58884
-88.845984,103,224.730345
-108.524956,92,224.849019
-102.265386,25,224.882172
35.727921,64,224.966382
-52.141974,151,225.163601
-111.889483,62,225.245778
9.017353,151,225.443344
-109.446913,33,225.484678
128.466691,107,225.625473
-105.117616,134,225.802935
-113.116904,39,225.851289
-108.876009,93,225.976191
-104.183922,30,226.01615
-29.38369,151,226.211931
-98.3127,32,226.255668
-102.904918,32,226.296691
-92.775857,125,226.462807
-103.765065,86,226.574056
-5.972076,151,226.771049
-124.518052,130,226.941432
15.905702,151,227.140492
-99.626081,114,227.289569
-102.443362,11,227.30656
-44.237106,151,227.511777
-99.355414,144,227.716842
126.17132,106,227.873618
-6.853179,151,228.112952
-99.762284,38,228.175344
-29.060906,151,228.394537
-93.61474,60,228.478076
-119.240645,98,228.612186
-104.373919,49,228.680811
-44.012801,151,228.891117
-102.893601,21,228.922723
-106.526794,136,229.110771
-101.77078,42,229.165997
325.334962,151,229.368402
-6.035224,151,229.570541
8.553288,151,229.772984
-6.658982,151,229.969664
325.365812,151,230.216724
-28.844349,151,230.413656
-6.06291,151,230.612233
325.348447,151,230.80972
-6.273075,151,231.005881
-93.911239,105,231.143675
-103.671466,20,231.170275
-29.254696,151,231.365753
81.070591,85,231.479753
-112.560501,132,231.654686
16.228569,151,231.850241
-98.714638,24,231.882426
-52.386563,151,232.08169
-105.813816,131,232.263105
8.735076,151,232.459401
-107.931745,87,232.573761
-118.735098,98,232.698217
-92.318607,135,232.876135
-94.962193,97,233.004086
-44.932021,151,233.199203
-44.96026,151,233.394119
-29.506023,151,233.589803
-36.997049,151,233.783632
-6.54533,151,233.981747
-29.930388,151,234.179696
-99.812074,52,234.245559
-14.387987,151,234.439624
-114.151459,49,234.503127
0.338447,151,234.699318
16.212513,151,234.896312
-98.282979,138,235.073329
-97.008475,57,235.149097
-6.478442,151,235.346371
-104.281335,46,235.405894
0.564222,151,235.599987
-124.176092,101,235.730974
-89.104827,105,235.866989
-104.073852,94,235.988312
-103.8767,21,236.01613
-113.469448,56,236.090531
-6.16226,151,236.285504
-51.927321,151,236.499729
-105.445366,29,236.539609
-51.69951,151,236.767919
186.663235,134,236.973953
-28.615787,151,237.177496
-104.289844,103,237.324937
-103.725971,89,237.451771
-52.344607,151,237.658181
-13.534153,151,237.873953
-89.525947,95,238.002858
-107.63664,27,238.039517
-51.939295,151,238.244586
-110.79046,77,238.34648
-6.393773,151,238.563663
8.105013,151,238.771021
-103.646788,16,238.795226
-105.973298,64,238.895844
-111.787139,128,239.066068
-136.265732,123,239.237905
-29.876092,151,239.485177
16.348513,151,239.705624
-52.07165,151,239.919442
-36.453494,151,240.141217
-114.250036,101,240.28377
15.540296,151,240.490559
-29.676963,151,240.71542
-102.924384,13,240.731813
16.445519,151,240.939781
-87.501474,119,241.101437
-95.599516,80,241.206268
8.850894,151,241.410526
-110.773757,45,241.476678
-91.886941,150,241.693305
-123.912776,124,241.876624
-51.789521,151,242.094137
-105.283226,19,242.118274
-36.593147,151,242.330299
-102.190157,24,242.366071
-99.379535,84,242.480335
-108.231485,89,242.603138
-94.556666,51,242.674731
-96.77648,57,242.757518
-111.106184,78,242.860428
-96.119302,68,242.973898
-96.574705,64,243.068029
9.557473,151,243.296335
-99.729684,67,243.399451
-91.689297,80,243.519129
-114.204193,74,243.646093
-93.558028,120,243.82223
-102.945152,11,243.837684
-21.487309,151,244.056258
-110.475408,44,244.119573
-115.198256,53,244.200143
-44.288019,151,244.41113
-44.231573,151,244.620583
-106.141005,26,244.658349
16.017527,151,244.878947
-21.463303,151,245.097051
-111.449356,118,245.252389
15.751401,151,245.466373
-6.845118,151,245.667474
324.490829,151,245.870782
-51.459095,151,246.070569
27.138913,60,246.198788
-103.629558,90,246.338606
-7.328499,151,246.535195
0.208135,151,246.740523
-114.095775,73,246.834663
-21.743785,151,247.049155
164.908205,124,247.219869
-51.13981,151,247.449075
-101.973068,22,247.48251
-109.67636,70,247.574703
-14.359092,151,247.770434
-110.3339,112,247.917544
8.153147,151,248.123724
-103.506236,19,248.14694
-7.283887,151,248.346631
0.793237,151,248.547728
-51.973717,151,248.766457
-21.662545,151,248.967868
-99.659577,45,249.030603
-117.859973,62,249.11795
0.503636,151,249.324046
-110.278484,43,249.38018
-36.598877,151,249.604983
-108.299221,35,249.660993
0.483955,151,249.869989
14.24597,54,249.955598
-108.709858,46,250.018535
-6.549718,151,250.23438
-101.856526,41,250.290433
-20.266281,38,250.341858
-85.476623,135,250.523785
-96.177985,72,250.623264
-43.568156,151,250.824718
-102.544146,63,250.907923
-36.169117,151,251.117853
-28.874903,151,251.340519
-36.387534,151,251.578486
-115.338132,64,251.666575
8.427473,151,251.888497
-52.390906,151,252.104647
-29.03782,151,252.319412
-124.481857,102,252.462375
-113.939245,57,252.551081
-96.361719,67,252.644433
-106.977278,37,252.699362
-6.53462,151,252.909922
15.154007,151,253.125845
-118.400095,95,253.252704
-44.003959,151,253.454959
-96.227702,66,253.543134
137.040547,111,253.70173
-22.458571,151,253.944128
-98.551991,124,254.11217
-109.969515,35,254.162413
-6.263755,151,254.402498
-0.125164,151,254.608621
7.838589,151,254.808412
8.457124,151,255.012878
-28.822658,151,255.219488
-91.921292,137,255.410073
-105.872091,21,255.440438
-85.194758,143,255.662942
-103.985698,42,255.726627
-101.713813,13,255.748471
-93.906857,105,255.906921
-44.042909,151,256.130794
-102.14337,12,256.149124
-106.129791,66,256.251144
8.45636,151,256.483902
-108.829619,46,256.55642
-93.407686,119,256.736352
-92.563105,70,256.835055
-21.778518,151,257.035425
-110.235362,36,257.084599
-109.190551,32,257.129737
-101.320162,30,257.170248
-117.725104,124,257.35148
-111.963053,62,257.455154
-85.522301,139,257.64416
-6.650253,151,257.873455
325.26572,151,258.075428
-122.504737,78,258.185079
-137.323602,127,258.350538
15.758518,151,258.552006
-105.894108,21,258.582952
-110.667771,56,258.668689
-103.146165,72,258.777809
-102.699431,15,258.800827
-44.266721,151,259.011272
-125.509949,87,259.129447
-104.007039,92,259.261957
-102.818425,31,259.305571
-102.613049,66,259.400445
-21.625072,151,259.605656
-30.408782,151,259.822098
-6.856358,151,260.05422
-44.434153,151,260.271648
-84.615397,146,260.481345
-6.84507,151,260.697932
0.056745,151,260.904787
-6.318917,151,261.186512
-90.987191,86,261.338098
-108.750872,94,261.482387
1.105868,151,261.695238
-36.229301,151,261.923787
0.802646,151,262.156217
-7.054223,151,262.360602
-6.535181,151,262.571859
-6.588451,151,262.781471
-36.596698,151,263.014868
-107.546596,40,263.086532
-52.550189,151,263.329338
-6.441332,151,263.546374
-135.438425,143,263.744139
-22.341356,151,263.970554
15.286348,151,264.186865
-104.167465,45,264.249486
0.63771,151,264.456683
-37.214148,151,264.661868
-95.800128,73,264.761842
-22.454086,151,264.979211
-108.520993,30,265.022826
7.66398,151,265.259341
-99.638007,51,265.340484
-101.48919,34,265.394358
-110.768216,114,265.566302
-108.608247,61,265.656232
-43.912577,151,265.858901
-14.389241,151,266.081908
-36.290071,151,266.277334
-125.700166,106,266.41507
-51.36128,151,266.62154
-103.328288,37,266.672719
-108.077829,34,266.721437
-95.155654,90,266.841123
-98.656132,25,266.875534
-122.682414,94,267.006682
0.585278,151,267.202032
-101.585546,40,267.254211
-99.746897,47,267.316949
16.178463,151,267.520531
-51.981377,151,267.72569
-102.754284,20,267.752629
110.927318,99,267.887454
-101.383527,32,267.929466
-105.600462,24,267.965996
15.498692,151,268.169884
7.997832,151,268.378557
-99.774101,38,268.429997
-14.080833,151,268.635398
-123.09003,68,268.751026
-111.506246,83,268.889679
-106.454608,23,268.931331
-88.075511,111,269.109297
-113.01928,140,269.336558
-99.345436,86,269.493069
-117.344697,118,269.689894
-21.395439,151,269.905056
-120.196761,107,270.048501
-109.714014,69,270.141774
-119.266988,139,270.322355
-86.477518,129,270.495009
-44.63015,151,270.692691
-109.995732,42,270.750065
-51.753189,151,270.950767
-7.082607,151,271.15478
-29.151265,151,271.366509
-106.070425,150,271.569351
-99.071653,145,271.772449
-109.468027,66,271.866504
-20.839847,151,272.081525
-113.127189,143,272.293887
0.718962,151,272.522924
-14.193104,151,272.73772
-102.203588,51,272.806821
-37.27486,151,273.011075
-99.60814,110,273.165399
-99.683918,41,273.222529
-106.517935,47,273.290161
-22.466257,151,273.500672
-101.222576,28,273.539055
-29.098495,151,273.747151
-104.998163,18,273.769261
-133.245899,117,273.929395
-99.633198,77,274.039719
8.042783,151,274.247736
-102.52906,59,274.325955
-27.683929,151,274.524031
-94.916435,90,274.648447
-105.287279,19,274.675163
145.491588,115,274.829011
-116.346245,87,274.952839
-105.979647,144,275.154915
-97.803339,40,275.208585
9.051294,151,275.41104
-120.547288,107,275.559193
-121.848416,75,275.656718
-94.257605,105,275.797598
-36.740036,151,275.998299
-21.541798,151,276.219387
-51.847446,151,276.448019
-21.334706,151,276.654317
-6.502069,151,276.868279
-103.788784,12,276.888645
-7.079581,151,277.116063
-91.785881,151,277.32368
1.17968,151,277.532588
-97.172285,28,277.575182
-44.275369,151,277.77687
-21.657662,151,277.980679
-97.118989,28,278.020215
100.328392,94,278.150777
-37.083689,151,278.364771
-14.571134,151,278.569998
-113.442128,47,278.633204
-93.291496,116,278.780231
-14.223574,151,278.974718
1.251591,151,279.172322
-107.397337,52,279.240866
-96.60676,33,279.288898
-22.671187,151,279.493388
-37.104299,151,279.707312
-98.193703,34,279.75759
0.196872,151,279.990762
186.393612,151,280.198047
-94.582331,52,280.267175
-104.621344,25,280.300125
-6.856437,151,280.495871
-120.714943,149,280.709531
0.633937,151,280.913727
-107.524453,32,280.9553
16.931347,151,281.155771
-94.634696,99,281.284798
-118.349431,64,281.370186
-43.633385,151,281.576802
-103.304669,74,281.67432
15.805883,151,281.873574
-103.509556,81,281.982524
-104.312279,48,282.048765
-98.848766,22,282.080287
-36.833815,151,282.282944
-112.414192,52,282.35256
-92.13616,131,282.527554
-106.195481,33,282.571939
-105.890046,42,282.625843
-6.775232,151,282.824585
15.85917,151,283.027646
-89.183545,103,283.165058
-97.814883,39,283.221665
325.111644,151,283.422415
-89.101332,105,283.561903
-127.5856,114,283.712283
-104.287199,23,283.743875
16.852792,151,283.942431
-106.148774,66,284.028808
-105.034184,116,284.180903
-21.536099,151,284.379654
8.819264,151,284.575058
-107.721378,40,284.629987
-36.532677,151,284.851818
-87.217923,117,285.019525
-88.715969,107,285.179448
8.210502,151,285.396574
15.364933,151,285.614725
-37.318449,151,285.810473
-98.868388,110,285.95259
-107.255323,38,286.003572
22.806634,58,286.084099
-109.834903,70,286.177587
-105.420895,29,286.215869
0.858203,151,286.424116
-120.348523,85,286.548498
-93.323125,65,286.640522
-14.963681,151,286.85976
-100.529766,13,286.876139
16.633427,151,287.099395
-101.180983,27,287.13845
-14.313597,151,287.354955
-51.687743,151,287.566953
-98.405028,29,287.612676
-13.500408,151,287.833228
-92.307007,72,287.937319
9.284973,151,288.152066
-110.049109,110,288.312847
-21.500049,151,288.521864
-102.153768,49,288.591763
-6.89574,151,288.818499
8.523134,151,289.057878
0.723279,151,289.260647
-52.450009,151,289.487956
-6.752019,151,289.707195
-44.395715,151,289.963791
-6.703114,151,290.173225
-122.259246,77,290.276267
-28.772168,151,290.47589
-109.774394,52,290.542724
-43.56754,151,290.743985
-118.832497,135,290.919392
-99.855719,26,290.953241
35.736174,64,291.037716
-103.521454,13,291.052884
-101.94734,44,291.112295
-105.053153,27,291.146266
-93.774253,61,291.229505
-89.772213,97,291.354477
-14.205675,151,291.550129
-99.844404,24,291.581999
-103.916495,28,291.620448
-37.172628,151,291.822952
-13.830076,151,292.021828
325.143298,151,292.230047
-104.860394,26,292.267822
325.021433,151,292.490756
-93.135236,120,292.656042
16.609002,151,292.855576
-29.562706,151,293.068622
-105.639417,146,293.261375
-111.794049,84,293.373415
1.120195,151,293.569733
-114.046064,100,293.720033
-87.010107,122,293.885659
-112.323052,43,293.941594
-21.69485,151,294.140412
325.096352,151,294.360658
-14.061367,151,294.559984
-21.808701,151,294.759884
-44.221072,151,294.958856
-21.612132,151,295.15755
-117.521461,72,295.253532
29.317585,61,295.333151
-108.37814,92,295.452784
-93.749848,119,295.610709
16.177237,151,295.810895
-107.100629,25,295.843898
-105.140709,22,295.874594
-45.102241,151,296.071229
0.77032,151,296.268774
-97.495387,25,296.301665
-104.177725,94,296.42445
-13.768271,151,296.622221
-107.85571,83,296.73218
-122.833545,78,296.83233
-14.171542,151,297.030985
-110.614378,37,297.07792
-90.204955,93,297.215008
-120.020042,83,297.339667
-6.640367,151,297.562739
-108.89666,31,297.611018
-50.979928,151,297.819442
-110.006728,53,297.896006
-108.29089,59,297.98404
-92.536211,72,298.10512
-7.002772,151,298.324039
-21.384447,151,298.520086
-107.579116,53,298.608456
-117.43838,72,298.697207
-36.457598,151,298.884904
-36.765801,151,299.076873
-13.330369,151,299.268582
-107.155664,52,299.333356
-44.538995,151,299.55247
-94.816728,95,299.688177
-95.000834,93,299.815463
1.116511,151,300.022528
-51.531118,151,300.226635
-102.703864,68,300.318687
-14.657903,151,300.509826
-14.054494,151,300.703369
-108.151867,58,300.782657
-94.326492,54,300.856138
-95.410337,82,300.958698
-28.503024,151,301.156006
0.935967,151,301.356499
-97.979324,36,301.40448
-51.909678,151,301.597263
-36.449017,151,301.785911
1.148572,151,301.974794
-7.334336,151,302.166493
-109.518803,40,302.21856
-110.5279,37,302.268846
0.602932,151,302.465026
-85.371622,136,302.643959
-103.026223,71,302.735545
-6.897721,151,302.933539
15.032036,151,303.135283
-108.326362,86,303.252945
-115.064574,63,303.345196
-84.534892,144,303.549152
-51.49281,151,303.771306
-14.116783,151,304.003797
-6.851627,151,304.199709
15.859457,151,304.394794
16.227477,151,304.592071
-97.919477,38,304.644056
-92.544393,71,304.736271
-102.714422,61,304.814799
-107.949603,28,304.852837
16.311037,151,305.051657
-88.437878,107,305.203161
46.381846,69,305.294656
-100.888462,21,305.327849
-51.436083,151,305.550805
-37.313075,151,305.751465
-103.409085,25,305.784566
-102.347119,9,305.79705
-99.417422,135,305.973289
0.381449,151,306.190828
0.682206,151,306.414755
-104.964721,18,306.442257
-102.890082,21,306.471654
8.472373,151,306.686842
-44.358943,151,306.917514
-22.219174,151,307.123247
0.841427,151,307.343389
15.897571,151,307.570654
-112.313825,133,307.765426
-21.893306,151,307.979615
-29.301748,151,308.20101
8.769254,151,308.411733
-109.542417,50,308.487124
197.391436,139,308.689069
-14.191837,151,308.901152
-95.772111,42,308.961013
-105.924856,127,309.132581
-43.844099,151,309.354709
-29.536363,151,309.576012
-102.274373,25,309.614848
-13.880577,151,309.850438
0.795502,151,310.072942
-37.210042,151,310.284563
-15.940453,40,310.338231
-7.034567,151,310.541086
-29.663939,151,310.74006
-109.945737,35,310.785294
-29.589021,151,310.99117
-94.211872,55,311.063463
-6.783914,151,311.291899
325.347357,151,311.479697
-99.878258,23,311.509909
-6.853396,151,311.69895
16.552597,151,311.886717
154.310712,119,312.044205
-105.336079,38,312.09411
-103.233719,12,312.112968
-6.530932,151,312.321648
-101.644247,37,312.367888
-7.285867,151,312.605227
-104.622351,33,312.649794
-99.371766,114,312.800275
-28.956173,151,312.998221
15.775694,151,313.196219
-92.843687,144,313.38448
-29.619437,151,313.578612
-92.010597,77,313.680112
-13.814394,151,313.870231
-92.480935,72,313.96146
9.425472,151,314.161664
-36.649917,151,314.358606
-94.614177,94,314.485224
-99.24597,91,314.60303
-97.075005,28,314.639046
-99.327468,132,314.813108
-84.274014,147,315.007046
-21.296798,151,315.223626
-52.442523,151,315.426813
-113.764244,71,315.519984
-22.076874,151,315.72908
-98.528849,139,315.913606
-37.147386,151,316.122347
8.706974,151,316.325764
-36.505391,151,316.527041
0.84767,151,316.750512
1.01941,151,316.959893
-109.685372,34,317.006957
-106.407989,34,317.051565
-36.594788,151,317.264758
-102.180606,53,317.33929
-99.285117,130,317.524971
-101.942591,44,317.590749
-14.794795,151,317.823284
-106.609995,35,317.880674
-22.23899,151,318.116196
-107.327175,26,318.156285
-44.276412,151,318.374823
-36.869593,151,318.592853
-52.114519,151,318.811656
-96.530483,68,318.903149
-44.616542,151,319.10804
-21.520472,151,319.311651
-37.464226,151,319.512088
-13.626491,151,319.714324
-45.268707,151,319.934298
-99.759435,43,320.011268
-52.062345,151,320.215078
-52.15227,151,320.411425
-44.251131,151,320.611043
-29.665111,151,320.80849
-105.038542,36,320.855538
-43.794188,151,321.055112
-86.225247,137,321.242512
-51.901932,151,321.444727
-104.141638,30,321.485034
-29.138952,151,321.693653
-36.387175,151,321.934043
-36.259558,151,322.146374
-114.313076,99,322.283322
-6.947337,151,322.510193
-87.900279,115,322.67143
-44.217348,151,322.886859
-6.42426,151,323.104888
-113.149267,145,323.330913
325.21964,151,323.554071
-20.980724,151,323.772437
-87.17662,120,323.955363
325.436453,151,324.166775
-105.608011,40,324.221936
-21.914166,151,324.424949
9.142307,151,324.628602
-97.107659,54,324.701544
-51.850986,151,324.956048
325.330216,151,325.183258
-112.508495,44,325.241197
15.878756,151,325.436271
-99.083856,125,325.606982
-105.878613,21,325.637786
-104.402325,19,325.661211
-6.685969,151,325.880944
-110.437899,55,325.96259
-86.519536,128,326.154895
-99.090055,17,326.183849
-86.309065,130,326.373389
-92.59606,136,326.560917
16.138058,151,326.783578
8.760556,151,326.999247
-106.190826,33,327.053694
-45.084864,151,327.283389
-51.73962,151,327.498957
8.741233,151,327.713435
-101.075188,25,327.748659
-29.929077,151,327.961567
-103.834257,14,327.979217
-52.597628,151,328.193266
-36.93911,151,328.405354
-6.618704,151,328.615636
-14.20032,151,328.828229
-102.980543,33,328.873843
-44.244338,151,329.073439
175.789644,129,329.248593
-105.381099,57,329.322087
-117.885826,53,329.392873
-29.463449,151,329.591727
324.392896,151,329.828248
175.850038,129,330.030554
-36.478906,151,330.219756
-5.606436,151,330.407449
-110.678975,45,330.47419
-105.394674,23,330.507238
-105.882579,25,330.541303
-84.087553,146,330.727141
-107.732952,55,330.795871
-86.050919,133,330.962688
8.399235,151,331.154624
8.332229,151,331.355226
-87.230446,123,331.529976
-96.721548,62,331.612378
1.333983,151,331.817976
-99.674656,105,331.95614
-21.527701,151,332.168633
-120.988761,147,332.363132
-51.830332,151,332.584464
-117.824057,74,332.690803
-123.595496,97,332.830215
-5.679421,151,333.057601
9.220768,151,333.276854
-21.474912,151,333.47876
-37.08901,151,333.680245
-43.764767,151,333.891191
-21.396847,151,334.104976
-125.626716,88,334.22989
-5.941066,151,334.448407
-28.704754,151,334.700674
-106.43647,46,334.770874
-97.534442,47,334.840949
-21.87263,151,335.063653
-22.36467,151,335.286018
-95.653921,42,335.347624
-109.05625,65,335.44083
-14.238306,151,335.656163
1.277492,151,335.874089
-102.870411,21,335.912241
-7.097651,151,336.120862
-102.947887,68,336.209269
-98.686779,24,336.240856
-52.246024,151,336.447039
-126.070457,108,336.590932
-6.934337,151,336.806148
15.805791,151,337.004293
-108.841374,93,337.127805
-107.580092,27,337.162637
-113.547808,96,337.309692
-14.474078,151,337.542653
-94.03383,57,337.615417
-118.96456,66,337.700635
-118.807661,133,337.873804
-105.389846,38,337.925546
-103.888117,93,338.046354
16.685562,151,338.252666
-93.435801,116,338.409149
-43.847785,151,338.614935
-104.665366,34,338.661872
-102.759146,64,338.743278
-99.185485,141,338.939681
1.012282,151,339.140538
-107.000491,145,339.337742
8.613251,151,339.537246
-52.390956,151,339.739805
-128.863006,118,339.898961
16.353969,151,340.107239
-113.193067,55,340.186365
-108.833491,63,340.282531
-102.907713,16,340.30601
-94.817606,93,340.438641
8.05007,151,340.647279
-13.759859,151,340.867727
-99.81288,28,340.903525
-86.221985,126,341.082205
-102.053556,8,341.09181
-111.441569,59,341.182739
-107.353256,31,341.230287
-101.556803,12,341.250273
-99.252132,116,341.418479
-21.627062,151,341.637402
-136.530395,124,341.825394
-5.746102,151,342.04621
1.251447,151,342.267279
-96.072436,38,342.323694
-106.392978,71,342.425864
-29.728882,151,342.641202
8.22907,151,342.861678
-14.084251,151,343.119788
-114.466994,75,343.229517
-101.302698,31,343.273831
-121.814305,116,343.435027
-37.051729,151,343.639891
8.089499,151,343.846245
-104.080772,92,343.971581
-29.588808,151,344.232024
-43.923737,151,344.434074
-102.73488,30,344.473772
-13.614761,151,344.674243
-45.012025,151,344.874311
-85.02227,141,345.05711
-104.645219,51,345.123909
0.649624,151,345.321405
0.528885,151,345.519228
8.585256,151,345.729439
-128.553854,148,345.938644
-107.823137,89,346.065123
-103.510956,81,346.182651
-101.119596,27,346.227444
16.343963,151,346.453302
-105.605646,20,346.482519
-6.33208,151,346.697662
-13.517562,151,346.909672
0.491488,151,347.122866
-92.694469,132,347.301213
-97.400374,46,347.362858
-6.418005,151,347.564175
-107.717671,84,347.674978
-103.70957,27,347.712676
-100.886432,21,347.74299
1.624846,151,347.940233
-103.820707,42,347.99569
-29.549137,151,348.238873
-108.429093,92,348.356034
-106.295116,45,348.413759
0.723065,151,348.602567
-44.391458,151,348.799932
-89.982767,93,348.917737
-94.251915,103,349.044707
-98.876209,21,349.073342
-28.94129,151,349.261621
0.415501,151,349.448636
-109.262835,97,349.568517
-111.946645,42,349.622772
-97.779241,42,349.675623
-94.966324,99,349.799394
-109.758595,104,349.933274
7.811337,151,350.120588
-113.466973,149,350.306321
-44.413029,151,350.493108
-14.193636,151,350.681665
-22.435088,151,350.868623
-99.537374,79,350.968174
0.968667,151,351.166805
-92.890837,68,351.25658
-99.578126,146,351.447989
-21.209362,151,351.652027
-6.940676,151,351.888674
-108.505288,45,351.956786
-29.209899,151,352.153811
-5.865036,151,352.354275
-37.174982,151,352.555416
-21.095217,151,352.750623
-107.076681,51,352.819585
-95.160485,88,352.933447
-6.885597,151,353.139238
325.157661,151,353.337656
-7.055347,151,353.533298
-37.462701,151,353.733285
-21.721224,151,353.949961
-90.247812,92,354.087228
-99.555174,47,354.148988
-21.548192,151,354.350866
-98.481851,28,354.388841
-107.050426,30,354.427482
102.374433,95,354.556535
8.393041,151,354.756353
-108.37907,59,354.834939
-13.193934,151,355.035759
-137.301193,151,355.235365
1.281351,151,355.431489
-126.810395,111,355.583046
-106.996676,37,355.63014
-99.3645,124,355.795247
-103.174557,35,355.841662
-51.977524,151,356.040431
-22.780055,151,356.249072
-104.107397,15,356.269109
-52.175197,151,356.465218
1.374907,151,356.667017
-110.859888,77,356.766457
-90.214503,94,356.890275
-29.789296,151,357.087894
325.148111,151,357.309091
-102.348503,13,357.327453
-13.399958,151,357.522014
8.813025,151,357.717962
8.378599,151,357.917219
-51.746795,151,358.116885
-14.034111,151,358.313269
-102.335347,13,358.328868
-6.532038,151,358.528186
-51.911966,151,358.723581
-94.547836,55,358.797422
-8.079393,151,359.018574
-91.090521,83,359.12881
-7.198111,151,359.328149
-118.63274,132,359.498832
-7.166607,151,359.712775
-104.464978,105,359.869777
-37.124017,151,360.094204
8.68383,151,360.3035
-104.312479,47,360.364161
-44.733246,151,360.564945
-99.615079,75,360.662952
-103.393435,37,360.713967
-104.718201,52,360.780237
-127.243078,93,360.903913
-113.794558,148,361.095421
-91.736461,145,361.289504
-107.605409,32,361.333927
-109.383019,33,361.376054
-112.037996,86,361.490251
-97.965658,38,361.538906
-0.05176,151,361.734273
8.786196,151,361.935326
1.222217,151,362.129633
-44.193493,151,362.326323
-113.879569,96,362.463365
-109.343441,39,362.519897
-28.956069,151,362.718697
-103.656355,20,362.744907
-6.345391,151,362.960238
-115.288234,79,363.075354
-51.626513,151,363.2754
15.202611,151,363.473372
-44.745618,151,363.687202
-94.455581,53,363.762043
-103.893575,17,363.786068
-110.45719,74,363.883071
-37.211477,151,364.080157
-44.070041,151,364.277517
-51.680954,151,364.496027
-52.199365,151,364.706011
-122.054142,76,364.820583
-130.146103,102,364.963357
-6.807777,151,365.18146
-29.087413,151,365.396763
-108.875111,62,365.489156
-88.956401,100,365.632626
22.853464,58,365.709251
-98.267842,32,365.757041
-99.765741,52,365.83107
-13.940062,151,366.044
-37.181155,151,366.25141
1.080232,151,366.462858
-107.524658,32,366.505601
-103.678228,88,366.636012
-102.729206,65,366.732402
-94.166804,56,366.806431
0.578374,151,367.002877
15.384379,151,367.229606
-52.192185,151,367.446486
-6.214213,151,367.655288
-6.027314,151,367.854653
-104.880438,52,367.923924
-118.521039,127,368.097884
-120.021155,140,368.283959
-101.401663,16,368.304728
15.072402,151,368.501608
15.960929,151,368.719337
-109.697374,69,368.820805
-102.500035,60,368.899196
-87.891624,112,369.063603
325.215456,151,369.270483
-111.574922,49,369.344291
-102.581865,19,369.378201
15.918217,151,369.605701
20.603889,57,369.686495
1.640545,151,369.906084
-21.507382,151,370.113702
1.158391,151,370.316231
-111.258536,79,370.418327
-52.181418,151,370.652091
-113.240601,46,370.71818
-117.727487,62,370.806079
325.193631,151,371.019428
-103.812726,14,371.03897
-103.482414,19,371.064957
-103.897508,21,371.092139
-5.868189,151,371.293285
-29.078696,151,371.498483
-87.412004,122,371.681137
-116.661422,57,371.758415
-103.202785,73,371.853969
8.298354,151,372.051663
-99.594776,80,372.154122
-104.247338,104,372.291902
15.959895,151,372.487582
-104.801554,51,372.553158
15.468727,151,372.751885
-29.413351,151,372.94912
-106.212748,33,372.990087
-108.98716,38,373.041222
324.988103,151,373.237606
8.394816,151,373.432236
-45.142493,151,373.656846
-113.623083,57,373.735123
-107.077064,50,373.800373
-52.214078,151,373.995802
-94.41521,106,374.134017
-6.695013,151,374.336802
-21.83359,151,374.53341
-88.129423,110,374.692249
-29.359654,151,374.889185
-51.92062,151,375.086719
-104.748408,34,375.131677
15.684378,151,375.326774
8.383027,151,375.522412
-125.984619,108,375.667405
-107.397382,83,375.776949
-104.463333,14,375.793036
15.606904,151,375.98986
16.062827,151,376.184685
8.81042,151,376.37832
-105.088094,22,376.406042
-105.261494,123,376.567168
-127.99924,145,376.764254
-92.928067,127,376.937279
325.407735,151,377.14731
-14.327045,151,377.334588
136.94882,111,377.473524
-44.166335,151,377.665197
-29.607133,151,377.853401
-112.084588,42,377.907575
-14.749776,151,378.096424
-99.740892,85,378.206541
-119.272994,79,378.308794
-111.642095,61,378.385909
-52.838258,151,378.580691
-6.578416,151,378.775526
-15.656741,151,378.982448
-6.1057,151,379.183612
-13.761652,151,379.410671
-14.480331,151,379.638708
-36.607056,151,379.850788
-45.21799,151,380.058645
-45.102899,151,380.261602
-99.699615,66,380.352116
117.622401,102,380.494568
0.203541,151,380.704097
8.355177,151,380.898577
-6.762979,151,381.099582
8.541332,151,381.289534
-102.98668,67,381.37556
-28.507965,151,381.56482
-30.060621,151,381.76472
15.640444,151,381.958399
-13.510281,151,382.172204
-93.002568,70,382.27271
-43.659218,151,382.470993
-37.488837,151,382.667944
8.46289,151,382.86474
325.393682,151,383.077279
-93.775159,113,383.239504
-99.592406,78,383.339725
-44.520591,151,383.536861
-97.25536,51,383.603434
-93.837482,106,383.742486
-106.161065,33,383.789414
-101.900423,43,383.846988
-92.223288,149,384.039274
-99.233973,113,384.181804
-118.317604,76,384.277083
-103.416458,76,384.37058
-110.564122,111,384.508661
-36.514286,151,384.697699
-92.591494,69,384.784179
-103.187946,23,384.813902
-96.800199,58,384.88855
-94.034548,101,385.016773
-7.311263,151,385.204309
-13.682356,151,385.391483
-13.983645,151,385.59723
-107.45631,80,385.710398
325.006286,151,385.919391
-21.662224,151,386.133913
-99.79134,35,386.18763
-51.270486,151,386.394613
-107.387324,80,386.512537
-106.814453,146,386.718091
-103.860291,28,386.755735
-117.044408,59,386.830047
-97.678365,43,386.915104
-43.601292,151,387.116742
-106.248771,33,387.161935
-37.244801,151,387.361554
-6.548669,151,387.591055
-96.709948,60,387.680715
-104.15213,18,387.708407
-96.575853,60,387.795105
-104.659341,103,387.934176
-29.111187,151,388.143715
325.445651,151,388.334367
-108.324484,93,388.449987
-112.186692,139,388.642651
-99.1532,95,388.776345
-109.469503,103,388.914577
-36.778804,151,389.12783
-116.031561,67,389.215075
-52.566684,151,389.429903
-91.85006,77,389.533996
15.990429,151,389.734674
-119.461807,139,389.915347
-105.839391,63,390.000019
-117.713932,52,390.067083
-37.001396,151,390.261185
-7.098716,151,390.458675
0.849531,151,390.660205
-113.016282,55,390.731984
-93.077965,119,390.877901
-107.603809,27,390.913505
-29.250066,151,391.103054
-29.625449,151,391.29267
15.338222,151,391.480142
-117.093941,51,391.545964
-103.345152,75,391.643104
-99.812363,37,391.688468
-102.510323,28,391.724684
-13.688161,151,391.9207
-29.65929,151,392.115809
-112.308434,135,392.292137
15.239274,151,392.488773
-36.993275,151,392.683969
-121.364482,74,392.78059
-92.54081,132,392.958025
-108.458095,30,392.998349
-109.863251,69,393.082823
9.102189,151,393.274264
-103.457938,76,393.372021
-109.342282,103,393.508862
-14.482728,151,393.708602
0.269895,151,393.933457
-45.322542,151,394.139866
-107.11361,30,394.180685
-102.443514,27,394.220699
-28.878393,34,394.26846
-118.121214,75,394.365457
-103.502516,19,394.391527
324.364764,151,394.584731
-99.447714,112,394.732356
-22.030672,151,394.936168
-29.150415,151,395.137963
-51.424175,151,395.340432
-103.748487,84,395.457949
-87.211491,125,395.644689
-13.937641,151,395.853987
-108.301273,88,395.976173
-111.998492,63,396.056622
-112.624056,53,396.129148
-115.884786,55,396.203183
-93.183749,66,396.290425
-101.953795,11,396.304545
-6.225178,151,396.507631
325.293639,151,396.713938
15.663583,151,396.930743
-92.831378,67,397.02257
-108.357486,44,397.081114
16.073065,151,397.280729
-101.297185,32,397.326994
-22.029191,151,397.541683
-111.191526,39,397.597461
-106.01956,137,397.784539
-13.746064,151,397.992885
-99.657802,80,398.092367
-21.989236,151,398.329606
-106.508202,46,398.404436
-109.197941,39,398.463063
-118.203256,95,398.589266
-28.997409,151,398.801539
-116.70348,87,398.922995
-113.523535,47,398.990322
-103.157768,14,399.007812
325.191359,151,399.224062
-117.042442,70,399.319145
-29.957624,151,399.525669
-111.489635,40,399.578662
-91.556193,81,399.686206
-102.325177,13,399.705018
-85.231628,137,399.904116
-98.713324,141,400.109171
-101.98945,22,400.141517
-94.053573,57,400.218691
1.341675,151,400.423693
138.933261,112,400.572008
-102.905287,16,400.592557
-103.790091,42,400.647069
15.813976,151,400.844296
-44.530991,151,401.044351
-51.758856,151,401.245738
-92.942021,122,401.404467
-106.116157,33,401.448579
325.423648,151,401.645039
-14.171595,151,401.846727
-14.098334,151,402.050187
-21.890774,151,402.250307
1.299282,151,402.450198
-36.704818,151,402.637917
-44.086631,151,402.82527
-104.55093,100,402.950508
-102.565983,57,403.023693
-104.187796,18,403.045318
-116.852087,71,403.133808
-95.299555,86,403.24368
-95.82981,41,403.295014
0.529687,151,403.484244
-51.850417,151,403.677325
-102.245942,25,403.7091
16.461151,151,403.897529
-44.143526,151,404.102679
-112.407722,37,404.149312
-102.52844,56,404.219999
9.414864,151,404.428266
-35.821978,151,404.635155
-99.45377,106,404.774951
-84.28236,144,404.963258
-13.776443,41,405.018074
-95.875285,40,405.067971
-52.178734,151,405.255408
-106.584554,35,405.298983
0.981813,151,405.486335
-99.562769,140,405.661503
-14.545143,151,405.849287
-51.496233,151,406.03993
-14.159856,151,406.227068
-99.061219,111,406.368572
0.263584,151,406.557171
-13.608741,151,406.748734
0.708231,151,406.94693
-124.713178,129,407.11225
-44.906811,151,407.310067
16.572135,151,407.505318
-7.411625,151,407.703486
-119.489877,135,407.877265
-21.753008,151,408.072264
-98.227925,33,408.116353
16.241466,151,408.311098
-45.093901,151,408.507128
-109.713362,51,408.572883
325.297992,151,408.769491
-97.488341,25,408.802183
-94.627728,99,408.931384
-112.083897,84,409.04086
-45.075886,151,409.235967
-109.396025,66,409.323951
-92.236459,75,409.421617
-92.958487,124,409.58102
-107.003995,37,409.631252
-95.905768,74,409.729237
115.445793,101,409.859558
-44.443648,151,410.055196
-108.409215,35,410.101201
-97.381157,47,410.164309
-103.898184,95,410.28797
-110.301542,36,410.337512
-21.517309,151,410.532282
1.490742,151,410.729915
-101.155892,29,410.768463
-115.04079,52,410.836228
-14.482971,151,411.031564
15.890024,151,411.233904
7.904324,151,411.450639
-52.58373,23,411.486274
-114.923098,78,411.602769
-107.656977,27,411.639943
-105.265237,122,411.805549
16.918461,151,412.012836
-117.449029,60,412.092733
-94.366638,105,412.243482
-37.412695,151,412.481306
-95.472907,82,412.609456
-102.358516,9,412.619952
-105.335784,56,412.701759
-99.86272,22,414.254463
7.775978,151,423.153721
