#{"t_start": 1682102231.7842994, "env_id": null}
r,l,t
-78.323768,64,1.360027
-84.473919,36,1.385828
-61.408421,12,1.394661
-77.037659,45,1.426496
-63.819844,11,1.434926
-68.610295,27,1.454649
-74.225533,34,1.478422
-85.05419,38,1.505607
-137.725689,49,1.540381
-71.604293,36,1.565986
-102.833158,12,1.574753
-62.221644,10,1.582051
-81.001442,151,1.686244
-135.544285,51,1.721483
-100.324302,10,1.728876
-80.250135,48,1.761611
-77.611697,37,1.787076
-62.627079,10,1.794533
-107.920154,17,1.806347
-77.199102,40,1.834567
-63.638485,10,1.842231
-63.815173,12,1.850863
-153.811956,61,1.892352
-63.316338,10,1.899748
-107.423088,97,1.96723
-63.712405,10,1.974495
-103.383913,10,1.981897
-100.841285,12,1.990491
-62.320022,11,1.998588
-71.653005,23,2.014731
-93.677521,151,2.127391
-64.009079,11,2.135132
-111.205789,25,2.152394
-63.207945,12,2.161137
-70.265228,24,2.177503
-132.436383,41,2.204501
-111.501809,84,2.260377
-62.996693,13,2.269313
-118.208344,34,2.292055
-56.891979,22,2.307177
-60.713494,12,2.315692
-62.850866,10,2.322634
-100.917294,11,2.33045
-122.934773,32,2.352421
-100.214868,12,2.360893
-64.768549,51,2.394955
-111.008787,22,2.410328
-124.877462,28,2.429369
-102.36854,10,2.436576
-102.296954,11,2.444266
-104.678198,21,2.458546
-103.477252,10,2.465703
-63.177646,11,2.473339
-108.717814,16,2.484446
-101.741114,11,2.492065
-101.499275,12,2.500608
-82.447953,43,2.529529
-77.804823,25,2.546445
-100.511643,37,2.571355
-30.946176,151,2.670909
-103.283078,13,2.680024
-101.926,13,2.688877
-61.361848,11,2.696671
-117.585203,29,2.718945
-102.29879,11,2.726695
-60.750712,18,2.739536
-75.455867,24,2.810123
-111.992908,34,2.833283
-60.423232,10,2.840279
-103.902109,15,2.85067
-66.301817,18,2.862873
-77.117321,37,2.887671
-121.96798,38,2.913086
-172.545256,103,2.981881
-153.779687,139,3.079722
-82.962405,48,3.112364
-64.329295,10,3.119362
-113.658926,34,3.142118
-119.79531,27,3.161175
-46.685369,23,3.176659
-112.807773,24,3.192815
-110.861069,86,3.250084
-107.496288,17,3.261974
-55.146062,24,3.278848
-65.166736,21,3.293186
-65.620743,21,3.307922
-117.060573,28,3.327052
-87.165327,39,3.353458
-121.6388,46,3.384993
-78.231769,46,3.416645
-64.030907,11,3.424568
-102.198438,10,3.431949
-106.248928,20,3.446196
-62.674492,10,3.45618
-64.996261,62,3.500375
-121.130459,23,3.516829
-60.758898,12,3.525297
-104.292918,14,3.535324
-106.244952,72,3.584004
-116.033501,22,3.599104
-62.804007,10,3.605963
-60.489479,11,3.613947
-105.580526,26,3.631994
-62.277925,10,3.63901
-104.851542,14,3.648946
-62.338749,11,3.656643
-33.825819,66,3.701585
-105.489831,49,3.734777
-60.720556,49,3.767827
-86.087947,43,3.797341
-84.247663,58,3.835931
-103.796388,11,3.843656
-126.85751,52,3.879445
-63.491594,17,3.891115
-66.679253,22,3.906802
-63.911129,11,3.914996
-143.403655,66,3.960756
-101.183335,12,3.969275
-53.097497,33,3.991825
6.052545,64,4.035186
-62.548093,10,4.042244
-61.355687,11,4.050187
-116.853391,40,4.076758
-61.321108,10,4.083881
-62.346391,14,4.093549
-130.126211,45,4.123724
-148.556489,84,4.183716
-89.052403,33,4.206172
-126.083645,55,4.295864
-56.129135,12,4.304199
-64.677025,54,4.340554
-64.783566,35,4.365891
-32.729188,29,4.386038
-114.731525,34,4.409762
-103.663765,11,4.418083
-83.840884,42,4.447139
-113.554338,44,4.477462
-108.861886,28,4.496526
-76.650179,27,4.514855
-115.084878,29,4.53437
-61.421994,11,4.542012
-64.29301,10,4.549055
-94.059862,103,4.617736
-65.432994,16,4.628835
-110.89221,19,4.64193
-64.061666,12,4.650395
-64.509025,23,4.666091
-61.258472,11,4.673649
-86.596069,46,4.70542
-72.810825,75,4.755772
-104.313672,12,4.764421
-122.327231,40,4.809321
-116.47525,81,4.878664
-63.556374,12,4.888409
-83.903099,131,4.986851
-103.165122,11,4.99475
-62.7935,21,5.009835
-63.104786,11,5.018141
-102.449094,17,5.029826
-69.979249,18,5.042776
-63.54112,10,5.05036
-88.291798,40,5.07759
-119.988374,52,5.115565
-106.210627,15,5.126011
-112.725999,21,5.140386
-61.960906,11,5.148206
-100.71582,12,5.156576
-113.271939,28,5.175462
-84.058295,35,5.199005
-204.340498,129,5.285287
-53.690593,59,5.327283
-61.072321,10,5.335105
-80.526332,37,5.362636
-60.92246,15,5.374275
-60.397016,11,5.382173
-104.248084,10,5.390097
-65.96268,18,5.403361
-76.296183,37,5.430256
-60.117907,14,5.4417
-117.175367,54,5.481758
-50.269169,50,5.519783
-49.691875,12,5.528783
-133.408283,70,5.577867
-143.899592,76,5.630713
-108.68831,151,5.7963
-100.709717,57,5.840389
-61.578691,10,5.848518
-61.705521,14,5.861479
-61.844861,11,5.871104
-103.256321,13,5.880974
-63.17971,10,5.889325
-63.26772,10,5.896648
-60.265012,10,5.90439
-106.39897,14,5.914145
-68.507978,25,5.931872
-121.611574,29,5.951431
-64.863843,21,5.965735
-61.474256,22,5.982122
-62.500748,11,5.990329
-107.502308,21,6.005644
-101.725223,26,6.024708
-61.388383,11,6.033683
-101.213353,87,6.093468
-63.899532,11,6.1013
-63.990959,11,6.108943
-107.225002,23,6.124602
-62.267375,13,6.134972
-103.715564,10,6.142128
-72.60203,21,6.156904
-104.56582,20,6.17116
-106.004213,20,6.185192
-128.493867,52,6.220039
-60.610451,11,6.228729
-149.563475,73,6.277838
-103.394599,17,6.2896
-55.764412,13,6.298721
-107.328031,16,6.309588
-104.365292,15,6.320002
-61.243253,10,6.326962
-61.444483,44,6.356268
-63.026595,80,6.413176
-98.052157,10,6.420269
-61.975169,12,6.428797
-71.658127,39,6.455162
-117.611098,33,6.477428
-96.19285,11,6.485181
-64.534558,29,6.508025
-116.382629,33,6.531518
-81.390384,95,6.59686
-105.507689,18,6.609062
-63.24391,25,6.626463
-107.309391,21,6.641083
-71.350249,26,6.659593
-114.441669,41,6.688032
-100.452293,11,6.695821
-110.16458,45,6.726383
-33.624254,151,6.826176
-108.264218,26,6.843731
-90.044543,82,6.898218
-113.146545,69,6.945596
-62.955967,18,6.957753
-121.770168,56,6.99747
-78.179617,23,7.01449
-103.93456,49,7.0502
-117.908053,27,7.07001
-60.876469,10,7.077874
-102.520503,17,7.09039
-100.788117,10,7.098371
-100.295566,19,7.114167
-102.367613,10,7.121541
-60.771449,54,7.158163
-101.290862,68,7.204331
-32.758541,151,7.367373
-60.273683,12,7.376353
-107.153261,29,7.397209
-61.301378,10,7.405085
-101.920503,14,7.415126
-116.483091,49,7.449922
-63.493585,37,7.476589
-103.144647,16,7.488104
-60.839368,19,7.501549
-78.208402,43,7.531573
-120.393794,38,7.55944
-139.033832,88,7.622528
-67.905205,31,7.644221
-63.845522,10,7.651591
-130.313769,66,7.698098
-93.239984,45,7.729538
-90.63199,70,7.778548
-108.668526,37,7.804483
-112.533974,26,7.826926
-105.670146,13,7.850791
-112.943533,42,7.884089
-61.518884,12,7.894933
-125.830251,88,7.955171
-102.288365,60,7.996467
-66.229108,27,8.015446
-124.761937,75,8.069449
-82.380061,36,8.095265
-121.142452,29,8.116939
-98.081123,11,8.12502
-71.468388,35,8.149186
-190.558285,119,8.233422
-61.707976,15,8.244494
-135.707218,50,8.279308
-91.410039,26,8.297286
-119.179337,81,8.351235
-114.85456,38,8.376537
-100.90071,22,8.39165
-87.391292,46,8.422105
-61.774761,13,8.431379
-60.510099,11,8.438925
-62.90589,34,8.461977
-80.76953,51,8.495836
-110.070888,22,8.510672
-106.404988,21,8.524589
-68.918829,27,8.542851
-106.144292,14,8.552696
-138.88348,52,8.590517
-65.167071,28,8.609451
-78.173412,67,8.653696
-81.003734,36,8.677808
-64.361178,21,8.691929
-90.004663,12,8.700303
-103.213134,12,8.708598
-58.033345,21,8.72278
-163.837054,98,8.849056
-105.016289,61,8.891181
-69.679065,47,8.923819
-116.529123,63,8.966634
-119.891297,44,8.996993
-62.341868,17,9.008965
-102.070892,10,9.01612
-102.330454,13,9.025259
-62.611429,12,9.033541
-85.888874,55,9.070402
-69.858441,64,9.113405
-119.061183,33,9.135647
-61.071185,13,9.144833
-97.405881,99,9.214509
-58.071047,10,9.222269
-87.192315,54,9.261488
-101.539273,15,9.272757
-117.092023,32,9.296629
-103.196537,15,9.308069
-82.304666,57,9.352943
-64.251222,13,9.362621
-84.772736,66,9.410684
-110.457619,26,9.429629
-123.355721,62,9.473654
-100.330601,10,9.480826
-102.86149,21,9.49555
-23.211193,151,9.598586
-64.07623,28,9.619335
-64.784801,12,9.628081
-102.249293,14,9.63805
-109.76855,36,9.662795
-61.126509,10,9.669979
-111.098245,38,9.696409
-101.832292,11,9.70424
-62.845433,22,9.719509
-64.686802,14,9.729383
-141.790098,51,9.763741
-78.114812,83,9.820142
-102.282838,15,9.83089
-65.210408,19,9.844445
-102.885725,18,9.857191
-103.486545,20,9.871492
-74.558813,57,9.911531
-68.781119,19,9.925222
-60.21284,11,9.93346
-113.828552,44,9.963825
-122.70001,57,10.003163
-81.348429,52,10.03933
-75.027698,30,10.062184
-133.371414,115,10.139601
-38.024572,70,10.187155
-143.64778,102,10.308537
-61.231011,10,10.316557
-103.145243,10,10.324141
-104.322766,30,10.345666
-73.78734,65,10.390109
-109.632356,26,10.408484
-69.380197,30,10.4296
-110.116419,25,10.447545
-64.044072,10,10.455063
-75.133387,50,10.490572
-41.038266,48,10.524316
-51.79184,12,10.533316
-101.900558,20,10.547475
-104.121928,60,10.588235
-101.820381,23,10.603925
-88.371882,64,10.6466
-58.098889,11,10.654223
-110.63792,23,10.669916
-104.187682,21,10.684322
-113.213916,35,10.707837
-103.351438,17,10.719606
-62.303841,29,10.739076
-109.502438,38,10.764631
-103.815436,11,10.772365
-115.120953,46,10.806525
-108.895297,47,10.837873
-104.706232,42,10.866058
-115.048567,35,10.889197
-60.628761,10,10.896391
-111.719684,113,10.971792
-109.18677,63,11.014103
-63.766841,17,11.025522
-101.888142,11,11.033443
-53.92382,69,11.079116
-115.376457,28,11.098282
-103.947939,17,11.109949
-89.067451,99,11.175673
-106.524821,13,11.185043
-136.841856,75,11.235301
-65.814452,20,11.249054
-61.123426,14,11.25852
-109.748641,19,11.271435
-54.434474,53,11.306677
-72.912984,41,11.334155
-89.127261,49,11.367156
-98.150889,114,11.441992
-112.581609,29,11.464049
-61.863456,14,11.473658
-115.221639,42,11.50185
-107.445245,18,11.514155
-121.576261,50,11.547431
-83.000021,44,11.576425
-63.166066,12,11.584983
-63.713054,19,11.598097
-60.088192,13,11.606917
-119.315268,43,11.635645
-64.321425,25,11.65213
-76.290911,49,11.736589
-88.04775,101,11.804545
-120.647818,54,11.840991
-107.329338,39,11.867322
-100.91387,11,11.874929
-127.094699,39,11.901132
-120.938164,48,11.933239
-68.502346,21,11.947437
-100.528709,20,11.961417
-57.727189,121,12.043166
-66.063908,15,12.053922
-114.435206,59,12.093585
-76.756327,42,12.12217
-72.246886,46,12.153251
-51.725773,31,12.174249
-94.247299,33,12.199025
-67.646687,22,12.214097
-73.3907,93,12.275422
-84.970881,56,12.313282
-129.836894,91,12.373767
-63.148834,53,12.410306
-88.880854,73,12.459255
-64.907452,24,12.475453
-103.888376,17,12.487261
-61.014945,13,12.496512
-105.899504,21,12.510881
-112.281828,116,12.588297
-76.24918,64,12.631562
-107.579338,23,12.647146
-113.978936,48,12.679113
-105.576219,16,12.689886
-67.780338,41,12.717237
-90.900714,62,12.758048
-80.190479,59,12.797662
-102.628192,11,12.805429
-89.483116,60,12.845579
-87.971747,46,12.878922
-62.955534,41,12.90615
-102.584736,17,12.917937
-68.785798,30,12.937894
-63.802859,12,12.946445
-62.370492,12,12.954885
-62.978443,27,12.973316
-60.880197,10,12.980796
-61.645288,27,12.999322
-70.269467,58,13.038963
-62.640404,18,13.052029
-71.965058,29,13.072352
-80.994983,46,13.105031
-78.026934,151,13.268562
-113.567456,45,13.298969
-103.744889,24,13.31534
-74.265291,45,13.345384
-70.56841,33,13.367746
-115.754764,81,13.421929
-60.958925,12,13.430411
-107.434639,24,13.446927
-100.333186,82,13.501904
-103.162347,34,13.525016
-62.697077,14,13.534863
-103.457461,18,13.547366
-70.088154,41,13.575104
-39.868102,151,13.681095
-100.422919,15,13.691835
-64.937909,37,13.718045
-31.667915,53,13.755002
-62.070669,12,13.764176
-46.183162,63,13.808959
-106.41773,18,13.822295
-63.059108,132,13.911728
-89.791245,70,13.959075
-108.254263,19,13.973122
-93.561994,13,13.982761
-106.962884,83,14.040244
-61.37649,14,14.050167
-70.14515,31,14.071786
-135.132106,72,14.121603
-92.222591,113,14.200324
-66.473954,15,14.21133
-66.452691,47,14.244187
-64.957195,18,14.256759
-62.906336,38,14.282702
-105.023392,24,14.299129
-42.554981,98,14.394962
-120.437563,36,14.419156
-77.521399,114,14.496026
-107.675577,25,14.513445
-93.926112,10,14.520753
-64.22506,19,14.534212
-67.785556,17,14.54649
-108.617023,28,14.566208
9.027092,63,14.609471
-108.79967,112,14.740486
-110.849802,55,14.777557
-100.366949,28,14.79646
-125.637965,65,14.840128
-63.379016,13,14.849457
-101.583106,16,14.860662
-14.131862,151,14.963718
-25.179755,44,14.993649
-102.067473,13,15.002988
-113.600582,72,15.051333
76.530321,151,15.164991
-63.498263,39,15.191516
-72.976365,38,15.217884
-69.593939,23,15.234242
-66.31916,24,15.250603
-103.877972,15,15.261157
-81.011159,49,15.294055
-108.189359,24,15.310002
-86.777189,115,15.386654
-119.266275,53,15.422303
-114.930802,45,15.452732
-26.511031,151,15.552704
-103.142776,97,15.617896
-119.212908,64,15.659896
-77.302005,58,15.698991
-110.232892,31,15.72004
-102.571442,10,15.727341
-30.579843,104,15.809541
-164.355925,87,15.868966
-92.616223,98,15.935338
-157.810456,131,16.023201
-107.975936,29,16.042995
5.3531,151,16.198513
-111.630173,138,16.290597
51.07765,151,16.390284
-104.669826,29,16.409802
-108.723609,31,16.43096
-112.144503,78,16.482407
-46.326455,151,16.594499
-65.586816,51,16.629374
-53.714282,106,16.700575
-125.804633,73,16.749921
-113.809711,138,16.843237
-113.867523,64,16.886173
-109.699624,26,16.904696
-103.873774,12,16.913161
-101.902277,124,16.99454
-103.621101,12,17.002892
-67.177283,60,17.042604
-104.402411,56,17.080055
-126.481883,69,17.12519
-60.549586,25,17.142004
-83.408576,125,17.227626
-116.32466,101,17.294239
-68.322495,20,17.307916
135.962004,151,17.408764
-31.819531,151,17.508214
-66.280927,25,17.525131
-112.471857,45,17.608238
-135.677577,88,17.666752
-89.972385,22,17.681655
-72.494496,45,17.71162
-118.354966,37,17.736554
-80.870865,57,17.774064
-29.122196,151,17.880643
-91.819617,103,17.973614
-61.562832,30,17.995953
-24.961848,151,18.107103
-24.350571,91,18.170452
-65.438528,13,18.179687
-103.260921,14,18.189455
-63.182295,10,18.196762
-58.354722,29,18.216632
-63.110539,20,18.230305
-24.322167,151,18.333031
-112.818435,31,18.354262
-63.709283,48,18.38701
-117.595674,60,18.428223
-66.335322,22,18.444249
-27.84626,151,18.547575
-39.919168,151,18.661031
-100.52937,32,18.682929
-109.266253,61,18.723761
-101.379966,21,18.738543
-61.069802,30,18.75909
-60.007083,151,18.869942
-127.798217,88,18.929429
-69.429228,37,18.954185
-73.23888,82,19.009338
-76.015985,85,19.119678
-130.479981,84,19.176277
-104.771124,150,19.27678
-44.806186,151,19.379032
-121.163522,90,19.439399
-66.308238,33,19.461378
-100.050606,80,19.514436
-116.251373,35,19.537734
-64.151812,99,19.603548
-104.827985,38,19.629203
-48.433242,151,19.733964
-86.02978,147,19.831513
-107.557708,26,19.849373
-102.933103,24,19.865762
-109.175022,26,19.884098
-116.666826,57,19.926638
-6.616492,102,20.001302
-47.376982,151,20.12599
-16.844135,151,20.227126
-61.758612,15,20.23734
-128.091034,142,20.332881
-112.252232,44,20.363314
-56.868751,53,20.400492
-62.322307,59,20.439993
-65.524908,61,20.480821
-129.538917,79,20.587643
6.656597,151,20.702234
-54.241718,151,20.803402
-124.328792,80,20.859872
-88.065151,84,20.915882
-133.259805,98,20.980884
-102.809912,18,20.993406
-54.360184,84,21.049309
-125.981316,145,21.146173
-132.449165,79,21.1996
-131.585437,74,21.249979
-106.267946,16,21.260991
-33.680584,15,21.271328
-91.665434,70,21.331131
-66.077546,100,21.403112
-163.175176,137,21.496678
-120.681184,99,21.576644
59.109107,151,21.683746
-33.639534,151,21.790182
-108.806907,38,21.816218
-39.44337,119,21.896872
-75.98726,41,21.925263
-116.212337,55,21.962841
-67.566923,42,22.044135
-122.909284,66,22.088266
-64.398709,22,22.103455
-79.490696,36,22.127663
-68.261672,68,22.172878
-115.151929,80,22.226032
-114.734057,34,22.249242
-150.621957,139,22.344538
-105.187101,82,22.399211
-92.052242,137,22.490578
-33.471083,109,22.563888
-100.364587,42,22.591994
-56.065016,151,22.692389
-115.723095,37,22.717425
-62.71931,29,22.737707
-110.714264,43,22.766677
-71.537694,62,22.8078
57.294533,139,22.899835
-62.538181,26,22.917538
-94.604808,48,22.95236
-105.62188,108,23.024003
-103.099747,56,23.06161
-29.974647,151,23.162503
-30.744953,151,23.263161
-108.922087,44,23.292947
-59.412978,151,23.393713
3.61316,151,23.554412
-120.722485,54,23.592982
-65.472145,65,23.637875
-107.416673,21,23.652417
-70.743359,151,23.756198
-73.646025,59,23.79575
-50.858757,33,23.818093
-72.198447,46,23.848925
-48.587616,151,23.951904
3.319694,99,24.018124
-112.658159,123,24.100607
65.888351,151,24.202012
-43.733885,151,24.302457
-117.858803,50,24.336688
-48.619477,151,24.452472
-37.016816,151,24.556882
-150.144426,137,24.648601
-63.32093,44,24.679333
-70.40581,72,24.730324
-109.915783,24,24.747256
-112.104655,39,24.774656
-67.26296,20,24.788849
-81.053561,58,24.828006
8.395045,108,24.960303
-149.26542,119,25.044251
-113.641718,74,25.094705
-65.873654,15,25.107623
-31.493444,151,25.208264
-51.193333,151,25.307968
-61.466023,151,25.407471
-105.04322,43,25.436593
-106.17263,23,25.452265
-120.710683,136,25.543045
-70.900607,65,25.586235
-60.768461,86,25.647255
-15.407712,151,25.750678
-54.005214,151,25.863825
-32.023389,109,25.936231
-50.475343,120,26.016338
-61.754202,21,26.030922
-53.050413,129,26.116604
-38.288765,151,26.217587
-106.367302,94,26.280229
-108.66312,63,26.322069
-84.682275,103,26.444848
-31.536907,151,26.561297
-49.453082,151,26.663046
-127.343006,75,26.714244
-17.806444,151,26.815629
-48.730919,151,26.917428
-39.743782,151,27.01851
-69.671699,151,27.119244
-81.32658,68,27.164759
-95.210022,79,27.23027
-70.917355,121,27.310871
32.219782,151,27.4123
-59.845893,151,27.513675
-117.996815,47,27.549975
48.682501,151,27.673178
-76.522204,112,27.748983
-69.79087,57,27.786813
85.507832,151,27.939518
-45.783129,151,28.054099
-84.568208,116,28.131122
-52.988727,151,28.232772
-119.419024,54,28.26881
22.197761,151,28.369102
-102.86463,26,28.386881
29.863968,151,28.488418
-46.002658,151,28.589296
-22.573321,151,28.701536
-106.319832,39,28.728018
-52.002188,151,28.828024
-67.289146,85,28.884936
-84.057181,76,28.935855
-113.919523,72,28.984508
-108.546567,56,29.02318
-66.194066,18,29.035843
-104.177556,24,29.052406
-11.063668,151,29.15347
-96.07035,139,29.247889
-17.833521,117,29.392511
32.714519,151,29.493646
-118.719931,112,29.568939
-8.230949,151,29.669052
-37.412416,151,29.770723
-67.039846,110,29.84615
-65.318619,33,29.869524
68.9308,151,29.972268
34.206092,151,30.086274
-53.519115,151,30.186525
-107.937419,27,30.20493
-18.947589,151,30.305806
-103.65411,115,30.382843
-115.633599,37,30.408391
-22.218674,151,30.509308
-44.211317,151,30.610464
-77.44233,128,30.696205
13.927056,151,30.865069
-117.154246,41,30.893159
-115.97522,91,30.956387
-71.362485,80,31.011059
-117.025154,120,31.092252
-25.723377,151,31.192368
-60.780215,23,31.208152
86.275563,151,31.308785
2.008725,151,31.409313
-43.101268,151,31.522609
-93.565051,76,31.585368
-65.624656,24,31.602792
-102.522535,48,31.636055
-41.840599,151,31.73785
-5.076188,151,31.838079
-35.939898,151,31.939845
-72.457104,44,31.969387
76.120179,151,32.06892
-105.217274,30,32.089453
-42.482488,151,32.261122
-108.259561,22,32.276887
-104.938935,12,32.285793
-18.874502,151,32.392444
-60.435419,67,32.439157
-39.35805,151,32.540164
-74.419525,73,32.588708
-31.832212,151,32.689443
-59.164523,151,32.78975
-122.663687,85,32.846361
-51.732169,105,32.915858
-42.190408,151,33.031724
-46.608493,133,33.120972
-63.577517,47,33.152527
-138.597184,92,33.213677
-137.202251,137,33.304787
-122.88148,58,33.34376
-63.606114,151,33.445929
-101.13947,26,33.463807
163.219971,151,33.564148
14.959896,151,33.735285
-142.546464,96,33.804842
-101.659564,15,33.815238
48.411651,151,33.915949
-88.950279,120,33.998615
-101.411537,26,34.017559
-116.152547,62,34.060909
-115.007874,72,34.109376
-142.427719,125,34.193223
-110.166557,54,34.229343
-39.110022,151,34.330359
-62.378619,57,34.37185
-112.458025,77,34.423516
71.710084,151,34.524887
-116.405701,129,34.61101
-111.753292,52,34.645334
9.642579,149,34.744389
-104.055443,11,34.752199
-108.952393,25,34.769066
-117.514595,65,34.812648
-47.863192,151,34.912394
-56.843243,151,35.012248
-45.202607,151,35.168426
-21.893456,151,35.267803
-35.941532,151,35.367555
-19.561358,151,35.468647
-74.738679,45,35.498662
-51.948678,151,35.597741
-75.996569,80,35.651093
-16.443409,151,35.751947
-99.117152,118,35.833037
-123.396147,64,35.875151
-119.447966,43,35.903969
-85.236988,94,35.966226
-23.687212,151,36.065216
41.105485,151,36.164647
-77.82567,47,36.195924
-40.440109,151,36.29533
-46.721884,151,36.396019
-72.366713,59,36.438252
-6.046021,151,36.591145
-18.603708,151,36.691319
-104.191862,54,36.727656
-105.45247,14,36.737288
28.606933,151,36.83749
-29.787586,151,36.940001
-13.73993,151,37.040429
-104.164528,44,37.069931
-43.194874,151,37.172453
-124.798833,127,37.25795
22.8599,73,37.307306
-32.949346,151,37.407402
-68.680325,23,37.423046
-63.03393,68,37.469341
-30.172096,151,37.570415
-40.392157,151,37.671168
-109.562741,31,37.692139
-126.155588,105,37.767628
-81.872829,54,37.804712
-103.791588,76,37.861105
-32.814199,151,38.022505
-58.203614,151,38.125349
-121.233839,80,38.179063
-77.553142,111,38.253233
-104.806745,25,38.270307
-117.760223,42,38.298295
-113.01542,35,38.321588
-8.386182,151,38.420822
-167.670841,133,38.508899
-42.698698,151,38.615085
-31.162122,151,38.719543
-15.340917,151,38.818909
-119.224854,81,38.872823
-112.291843,42,38.901059
-98.5642,84,38.956628
-77.949597,132,39.043427
-9.402699,151,39.143268
-76.253596,91,39.202893
-122.546283,71,39.252257
-112.464305,52,39.286736
-105.398842,15,39.297077
-108.245187,32,39.318423
-22.554889,151,39.471168
17.858073,112,39.545076
-45.2504,151,39.646104
-110.461074,29,39.665485
-25.320985,151,39.768219
-7.389829,91,39.830113
-102.654796,30,39.850561
-31.00048,151,39.955295
-106.380501,18,39.967784
-18.269382,151,40.069439
-143.298632,92,40.131337
-135.151073,105,40.201122
-13.019251,151,40.3015
-23.727379,151,40.400856
-115.420683,34,40.423806
-31.559088,151,40.523218
-130.560443,126,40.606509
-111.994273,100,40.675481
-32.619269,151,40.776147
-101.009594,147,40.931494
-31.551134,151,41.032172
-101.67131,122,41.113212
-122.838234,51,41.147109
-114.384658,44,41.176377
-137.844912,143,41.27096
-11.136393,151,41.374312
-114.213973,51,41.408692
-105.578315,54,41.444519
-12.192637,151,41.545133
-58.954543,151,41.647259
-106.073563,16,41.658642
-10.056289,151,41.759905
66.595325,151,41.860222
11.447049,90,41.92152
-69.45669,151,42.023997
-125.276741,69,42.070077
-106.544234,20,42.083838
-57.269062,67,42.128332
-54.286783,151,42.230395
-59.229485,151,42.385028
-101.232284,111,42.459139
-113.818371,52,42.493923
-0.886944,151,42.594391
-67.636998,79,42.647606
-106.350452,32,42.6791
-103.84523,44,42.710437
-43.557841,151,42.819429
-125.113223,135,42.915201
-54.806102,151,43.020755
-112.761204,40,43.049501
-102.16826,48,43.083611
-8.216565,151,43.190897
-117.11499,70,43.24045
-46.162251,105,43.313769
-57.864847,151,43.419769
-140.138759,88,43.485071
-50.875778,151,43.585252
-30.039389,151,43.68675
-122.008324,108,43.813402
-43.263047,151,43.916369
-44.602014,151,44.017632
-40.469724,151,44.117906
-124.287628,69,44.164474
-157.03156,141,44.260494
-116.505199,48,44.292675
-37.261611,151,44.392116
-122.576219,79,44.445173
-60.429418,12,44.453609
-101.664209,26,44.471168
1.674319,151,44.571109
91.687229,151,44.671289
-19.131677,151,44.772444
-105.914344,54,44.808765
-103.217276,24,44.825024
-108.803001,32,44.846654
-116.50108,113,44.924489
-121.518105,115,45.000942
-111.74894,38,45.026261
-102.70674,15,45.036771
-23.855762,151,45.136456
-110.663398,35,45.213128
-57.395858,151,45.313367
-26.950168,151,45.413889
-40.301026,58,45.452487
-20.974329,151,45.553009
196.662914,151,45.65611
-115.015897,53,45.691427
-59.268708,151,45.791617
-127.136261,93,45.85419
-13.78936,151,45.954022
-118.654324,52,45.98874
-66.833995,41,46.01632
12.570664,151,46.116286
-123.059285,77,46.167731
-49.231274,151,46.270668
44.62725,151,46.370758
-56.896646,151,46.47131
-45.779544,151,46.574518
-104.325296,32,46.652217
-18.038846,151,46.752556
-104.25512,114,46.828113
-140.2838,130,46.914047
-47.904998,151,47.018113
-58.283846,151,47.1189
-41.337083,151,47.221018
238.288154,151,47.32305
-12.433767,151,47.439793
-107.915968,23,47.455652
-136.948028,102,47.523872
-147.944034,131,47.612773
-31.019801,151,47.716664
-52.485691,151,47.821652
-106.481569,19,47.835528
-103.755953,49,47.869662
-41.094979,151,47.970686
-48.751056,151,48.123616
110.745123,151,48.221751
-71.378173,116,48.299591
-106.568138,93,48.361478
-65.444618,151,48.46628
-51.705992,151,48.56662
-34.708262,151,48.666294
-19.001599,151,48.765747
-63.87146,134,48.872681
-109.665868,25,48.889577
-83.252925,71,48.939635
-47.540761,151,49.04266
-60.972707,151,49.145806
-39.687738,151,49.245504
-4.219722,51,49.279849
-106.077132,83,49.33517
-106.37437,31,49.355923
-130.247572,95,49.419406
-104.265433,22,49.434426
-43.428009,151,49.595965
-47.525128,151,49.697834
-116.671249,124,49.782425
-123.137005,150,49.885944
-123.501725,99,49.952544
-41.04723,151,50.054326
-114.974344,34,50.077722
-31.600113,151,50.179837
-118.230374,45,50.21071
-118.665868,94,50.273162
-40.818717,151,50.37503
-5.057671,151,50.475461
-62.475952,86,50.538225
-104.466542,12,50.547188
-102.996314,23,50.563556
-113.94604,107,50.637613
11.156976,151,50.740394
-70.453971,151,50.84297
-106.157729,15,50.853617
-49.113692,151,51.011723
-52.491452,151,51.123845
-91.389267,109,51.209347
-109.404736,52,51.247007
-115.11623,47,51.282999
-66.368258,38,51.308743
-56.578996,151,51.413913
-117.417106,56,51.453627
37.257246,151,51.555433
-41.74619,151,51.6577
-12.0291,151,51.759654
-106.622029,34,51.782522
-14.317647,151,51.884649
-106.812018,19,51.897857
-103.853466,91,51.962787
-108.096623,45,51.993815
-119.768216,56,52.032617
-105.247639,57,52.070818
-71.078488,70,52.118778
-16.185411,63,52.162235
-105.543436,27,52.181196
-34.97614,151,52.2827
-103.369698,27,52.301146
-11.821298,151,52.402141
-108.335964,46,52.488187
-54.341704,151,52.592887
38.114977,151,52.700158
225.35558,151,52.800588
-88.033855,124,52.883756
-117.044257,68,52.929501
-109.912057,73,52.978773
-76.219732,151,53.084714
-23.657419,151,53.192513
-106.709432,42,53.224057
-100.757717,23,53.241551
-26.223289,151,53.350794
-40.123068,151,53.457322
-53.748536,151,53.564041
-27.225621,151,53.666101
-115.598089,54,53.703003
-27.591904,151,53.806626
-56.510061,151,53.969727
-26.257052,151,54.070422
155.107269,151,54.173591
-109.311432,84,54.231261
-2.169922,151,54.333173
-59.895203,151,54.434253
-46.546466,151,54.535211
-4.856493,151,54.6364
-4.3541,151,54.74022
-18.222802,151,54.844547
-25.12111,151,54.946182
-46.82553,151,55.049509
-120.16441,49,55.0846
-45.872091,151,55.197971
-117.540982,72,55.251854
-24.560626,151,55.362332
-44.309372,93,55.477876
-55.186776,134,55.576509
-29.031165,151,55.690413
-16.055218,151,55.797377
-92.032734,109,55.873712
-61.197961,151,55.978306
-38.672091,151,56.081342
-57.023378,111,56.15938
-111.589924,61,56.202292
9.671712,151,56.309301
-30.3618,151,56.418731
-62.435146,151,56.524525
-39.485246,151,56.628173
-110.552705,37,56.655166
-5.477662,151,56.763922
-81.078291,105,56.843246
-79.684008,151,57.016573
-14.088351,151,57.124213
-27.907187,151,57.229042
-67.857424,151,57.335212
27.514449,151,57.439593
-16.815895,151,57.543428
-106.981002,42,57.573726
-14.499025,151,57.677033
-12.213328,151,57.784181
-44.879955,151,57.888618
-107.467826,36,57.914073
-6.191078,151,58.017091
-51.335345,151,58.121171
-105.711199,21,58.13601
-36.564346,151,58.240453
-32.262513,151,58.345207
-114.894383,78,58.45822
-50.626026,151,58.578102
-40.000378,151,58.68346
-103.375339,15,58.694219
-10.404064,151,58.79721
-90.621529,32,58.819852
4.869473,151,58.925699
-22.596684,151,59.032387
-30.910282,151,59.133429
-57.701444,151,59.247834
-56.777575,151,59.350852
-93.213659,67,59.396523
-37.122925,151,59.496573
-15.041349,151,59.602681
-41.518201,151,59.70338
-65.774511,19,59.716453
-33.551501,151,59.816722
-4.187059,151,59.984431
-29.246203,151,60.084261
-1.997228,151,60.185362
-71.287408,151,60.285314
-70.701456,90,60.344527
-109.864136,125,60.444497
-71.12995,151,60.562309
-54.839844,151,60.662183
-23.904725,151,60.774542
-8.236725,151,60.875698
-26.722897,151,60.976752
-14.299826,151,61.076402
-102.003453,21,61.090858
-79.145363,36,61.115187
-25.567396,151,61.215459
-112.227288,35,61.239195
-56.088753,151,61.393463
-115.403798,37,61.431195
-50.26591,151,61.53145
-27.84512,151,61.631455
-104.685672,20,61.645233
-30.345343,151,61.744873
-38.065502,151,61.845509
-54.957657,151,61.94486
-21.054905,151,62.044181
-5.347893,151,62.147591
-23.370134,151,62.247893
-50.542142,151,62.347868
-108.413768,20,62.361559
275.318173,151,62.461732
-17.637663,151,62.5607
-32.159798,151,62.661554
-124.759649,93,62.723105
-27.116538,151,62.889454
47.628093,151,62.989378
-21.614644,151,63.089019
-24.354785,151,63.189032
-22.016017,151,63.289488
-36.278974,151,63.389557
-126.360477,72,63.43757
-104.237566,121,63.521033
-92.016949,27,63.539633
-47.459204,151,63.639786
-25.37718,151,63.739552
-21.427337,151,63.838856
-75.553238,151,63.948181
-40.128033,151,64.047532
-29.340732,151,64.151122
-25.775205,151,64.306889
-22.284199,112,64.381811
-78.999456,151,64.482105
-108.159794,26,64.499864
-36.549674,151,64.599443
-123.128237,87,64.657312
-41.021524,151,64.759386
-4.346274,151,64.858784
-126.487902,118,64.940209
10.878192,151,65.040343
-14.74523,151,65.141334
-8.037855,151,65.24093
67.839625,151,65.340533
-67.944392,151,65.44146
-76.126913,151,65.543899
6.134696,151,65.699946
-50.274958,151,65.800235
-20.545253,151,65.900439
-10.809385,151,66.000562
-10.641014,151,66.100412
-35.009386,151,66.201043
-53.233659,151,66.31258
-29.460674,151,66.412872
-61.21858,151,66.513493
-14.716902,151,66.613237
-77.405998,151,66.714101
121.053259,151,66.813888
-117.326573,81,66.86748
-28.952259,151,66.97032
-103.981085,20,66.984038
-40.853914,151,67.136579
-120.185475,137,67.229517
-51.946853,151,67.3306
-17.25194,151,67.430459
-17.760547,151,67.530993
-51.976379,151,67.632707
118.200333,151,67.746386
-58.121775,151,67.846496
-58.16214,151,67.945913
-59.770271,151,68.045289
-44.156181,151,68.14562
-30.474601,151,68.245895
-16.928795,151,68.356613
98.355636,151,68.456332
-17.357941,151,68.609026
59.717493,151,68.709314
-32.876551,151,68.809621
-110.758275,48,68.841638
-29.278371,151,68.942651
-78.246137,151,69.043049
-113.458322,93,69.116817
-80.789526,151,69.21712
-24.800869,151,69.317467
-21.740143,151,69.417777
-72.086992,151,69.537422
-17.610926,151,69.63682
-47.912719,151,69.737461
-84.651551,151,69.840433
-123.299106,68,69.886449
29.631105,151,70.040234
-101.712564,13,70.049401
-7.580892,151,70.150165
-113.524999,29,70.170714
-103.278583,20,70.184488
39.021893,151,70.284613
-133.31915,59,70.326389
-20.470118,151,70.426537
-13.567986,151,70.528886
-52.483989,151,70.628944
-76.611455,123,70.711587
-57.529104,151,70.811951
-32.474522,151,70.91197
-62.876699,151,71.012199
-36.129073,151,71.112526
-31.865409,151,71.215206
-74.272866,151,71.316429
-31.647829,151,71.469149
-106.340913,17,71.48087
-20.586592,151,71.5809
-51.72947,151,71.680844
-107.675475,26,71.698643
-45.046849,151,71.798445
159.56957,151,71.900393
-36.71131,151,72.000801
-28.740218,151,72.100732
-34.651584,151,72.201601
-65.559578,151,72.301864
-45.569766,151,72.401806
-19.805567,151,72.50144
-61.200373,151,72.605253
5.060702,151,72.705216
-107.110751,26,72.723168
-29.787036,151,72.875786
-65.108727,151,72.976009
-19.475544,151,73.076477
-104.745024,15,73.087037
-67.655777,151,73.186413
-36.717541,151,73.289678
-53.523862,151,73.390464
-105.556934,25,73.407411
-18.025112,151,73.5069
-98.453805,92,73.568184
-30.769296,151,73.668446
-19.517335,151,73.768083
-23.858236,151,73.868723
-61.214326,151,73.972197
-22.177412,151,74.072837
-4.045554,151,74.177505
-8.604259,151,74.331985
-135.333157,145,74.428291
305.496964,151,74.52869
-35.358283,151,74.628662
-30.832853,151,74.742497
-35.081077,151,74.843313
-33.413498,151,74.943515
-99.991444,91,75.003757
-32.806965,151,75.10407
-15.466816,151,75.204448
-2.04528,151,75.305107
-66.500247,151,75.408169
-69.848533,151,75.508455
75.636811,151,75.607976
281.22494,151,75.762543
25.62291,151,75.863424
-148.962555,99,75.929892
-123.546689,40,75.956953
30.285792,151,76.0688
-54.354506,151,76.169559
-33.415702,151,76.26891
-59.921211,151,76.369855
-24.928194,151,76.469305
-4.945624,151,76.569704
-24.855891,151,76.670612
-24.344694,151,76.781954
-49.487788,151,76.882355
-45.919207,151,76.982177
-3.486414,151,77.135996
11.392151,151,77.23603
-110.580086,27,77.254349
-38.637959,151,77.354364
-56.735236,151,77.458109
-35.552197,151,77.558444
-31.09685,151,77.658114
-41.948077,151,77.758425
-23.854376,151,77.858258
-69.300498,151,77.958284
-103.658124,55,77.995688
-105.866826,92,78.056557
-40.874117,151,78.159524
163.447075,151,78.25972
-103.417518,17,78.271513
-65.400209,151,78.371839
-111.718691,151,78.471925
-161.926699,143,78.621593
-63.6203,151,78.721814
-29.528141,151,78.821954
-21.128897,151,78.925364
-65.412311,117,79.002625
-21.013745,151,79.102849
-102.361815,14,79.112661
-69.154437,151,79.230282
-98.385595,151,79.331171
-28.20152,151,79.431951
-36.199052,151,79.535574
-84.387495,151,79.636553
-51.154523,151,79.737864
-2.469855,151,79.838303
-58.63523,151,79.991245
-93.29688,34,80.0145
-115.858737,44,80.043957
-113.351762,37,80.068961
-129.016624,81,80.123098
-117.079852,70,80.16981
-24.205563,151,80.272353
-36.253352,151,80.372339
-45.909816,151,80.471817
-28.091728,151,80.571778
108.790658,151,80.672014
-34.538398,151,80.773076
-56.240457,151,80.872323
-24.81058,151,80.9756
-14.00242,151,81.075824
-8.48799,151,81.175666
-50.956077,151,81.278048
-81.259473,151,81.432417
-39.196414,151,81.532871
-31.338126,151,81.633049
-1.376216,151,81.737285
-91.624859,151,81.837824
-19.622519,151,81.938035
-64.976411,151,82.037688
-76.151295,151,82.137954
19.438696,113,82.214107
-64.905351,151,82.317339
-48.563428,151,82.417169
-64.253304,151,82.518687
-32.557101,151,82.618593
-128.082128,66,82.662622
-66.036704,42,82.6908
-147.414188,95,82.753888
172.090366,151,82.907853
-49.396819,151,83.00769
-128.028743,85,83.066925
-25.538204,151,83.167928
-116.638819,38,83.193237
10.906924,151,83.293818
-64.744926,66,83.337851
-52.413284,151,83.437409
-9.602563,151,83.53874
-66.983047,151,83.650733
-75.064635,113,83.728719
-50.998178,151,83.829168
-54.109843,151,83.936611
-113.852313,88,84.000051
-49.620281,151,84.101509
2.672668,151,84.203031
-108.357834,49,84.293689
-35.558181,151,84.39741
-44.752546,151,84.501579
-24.376616,151,84.604328
-75.386817,151,84.707433
-46.099815,151,84.808652
-43.089928,151,84.910109
22.222063,151,85.015811
-61.536236,151,85.117977
-120.479652,74,85.171205
-34.245845,151,85.272416
-143.101963,80,85.325843
-45.896772,151,85.425614
-53.312501,151,85.529518
-95.682373,102,85.600725
-28.252767,151,85.773342
-30.341732,151,85.879369
7.969153,151,85.982994
-73.559965,55,86.019859
-5.863502,151,86.124408
-103.543484,18,86.1369
-76.446176,85,86.193651
-118.642555,41,86.221322
-94.868318,151,86.321593
-71.464842,151,86.422999
-48.368496,151,86.523928
-23.512015,151,86.633078
-16.152791,151,86.739806
-49.816788,151,86.846419
-2.787948,151,86.95902
-54.35565,151,87.063973
-56.182349,151,87.222577
-39.166364,151,87.324334
-56.885183,151,87.428895
-106.168058,21,87.443646
-83.364879,151,87.547076
-69.483212,151,87.650116
-28.428015,151,87.752653
-55.998865,151,87.854377
-10.421317,151,87.958208
-37.857936,151,88.062286
-11.968429,151,88.165502
108.223826,151,88.267655
-27.719939,151,88.369193
-22.983969,151,88.469695
-65.684527,151,88.574542
-94.794189,151,88.735165
-31.667417,151,88.839966
2.602021,151,88.941738
-124.013742,77,88.993447
-68.197711,50,89.027015
-10.295983,151,89.128426
-26.28474,151,89.240297
-6.75515,151,89.342287
-112.375976,141,89.443789
-95.49335,151,89.549437
-55.111264,151,89.649983
-105.485174,24,89.666317
-101.89279,35,89.690965
-28.289472,151,89.793471
-62.06008,151,89.895017
-49.975251,151,89.996074
-95.165091,57,90.034169
-12.280485,151,90.19114
-102.155368,27,90.209616
41.078241,90,90.269975
-109.426087,131,90.357714
1.178925,151,90.460773
-17.053957,151,90.565473
-77.352911,71,90.632406
-50.788716,151,90.735214
-49.151008,151,90.836755
-57.11566,151,90.945283
-78.14592,151,91.056719
-107.924954,46,91.088027
-37.671198,151,91.19603
118.56287,151,91.304166
-21.61088,151,91.40601
-97.56284,24,91.422665
-36.051639,151,91.523946
-13.253201,151,91.682724
-101.828096,14,91.69268
-15.469368,151,91.796356
-59.848198,151,91.900371
-70.880698,151,92.002041
-108.752718,27,92.020844
-60.430649,151,92.121346
-116.483314,66,92.16863
-41.211599,151,92.273383
-119.988634,52,92.3093
-29.82888,151,92.430161
-21.32244,151,92.539787
-4.849956,151,92.642053
-14.334433,151,92.744173
-7.398048,151,92.846535
-56.492292,151,92.948039
-118.809417,80,93.002228
-5.408122,151,93.160957
143.893813,151,93.262101
-108.106277,151,93.363401
-33.387825,151,93.466766
-27.763955,151,93.572402
-16.664558,151,93.677294
-95.02786,151,93.781826
-114.7297,33,93.805149
-213.280194,136,93.899449
-55.345173,151,94.001112
-81.438649,51,94.035975
-99.996644,36,94.06058
-71.805474,151,94.163547
-111.816551,66,94.208328
-29.687622,151,94.308621
-15.075388,151,94.410271
-48.038759,151,94.567978
-49.802424,151,94.669604
-63.748288,151,94.774918
-52.690583,151,94.880344
-23.334687,151,94.986206
-46.521248,151,95.092619
-69.890585,151,95.201056
-29.349184,151,95.306816
-90.798961,151,95.410237
-30.633026,151,95.512215
-44.834619,151,95.613544
-26.408828,151,95.716691
-16.976442,151,95.824226
-9.494663,151,95.935178
-105.782179,35,95.960435
-48.980352,151,96.122215
-19.800652,151,96.226054
-63.604644,151,96.329131
-56.781908,151,96.432191
-12.209077,151,96.535696
-117.279883,47,96.568155
-48.006676,151,96.67402
-60.066598,151,96.776579
-39.7158,151,96.88805
-6.900507,151,96.995061
-121.711688,151,97.112363
-33.569667,151,97.226365
-0.422512,151,97.333555
-58.899968,20,97.347249
-50.894675,151,97.452611
-93.808227,151,97.620118
-113.118227,35,97.64506
-62.242511,151,97.74945
-108.827195,23,97.765442
-51.684696,151,97.866611
-19.472395,151,97.969285
-114.928216,77,98.023479
-36.192388,151,98.128461
-106.119421,22,98.143369
-22.241465,151,98.245826
-16.348243,151,98.352981
44.878166,151,98.465478
-37.75972,151,98.57169
-76.211537,151,98.674598
-109.395828,151,98.776545
-60.801139,151,98.881558
-21.299291,151,99.035922
-118.583465,83,99.091607
-35.108423,151,99.194543
-51.73986,151,99.296695
-60.489671,151,99.396992
-128.471418,64,99.439901
-23.487156,151,99.548942
-30.041379,151,99.670518
-56.999029,151,99.773315
0.261903,151,99.88338
-33.085509,151,99.987822
-31.794779,151,100.091183
157.59975,151,100.192738
-47.362507,151,100.30359
-80.779317,151,100.414495
-68.115268,151,100.572265
-65.127806,151,100.682106
90.991969,151,100.783663
-39.179116,151,100.884717
-41.49157,151,100.984488
-2.95306,151,101.087308
154.262623,151,101.188961
-42.584318,151,101.288543
-115.095413,151,101.388839
-53.365462,151,101.488904
-99.67955,18,101.501604
-65.066912,151,101.60186
11.403032,151,101.704537
-48.488542,151,101.804137
-16.253859,151,101.991115
-89.96095,151,102.092501
-24.707045,151,102.193413
-28.918538,151,102.29285
-60.600796,151,102.397824
-61.223782,151,102.501446
-36.171588,151,102.602084
-7.614225,151,102.701568
-33.181031,151,102.801615
-89.679274,151,102.901427
-30.3951,151,103.001917
-57.496852,151,103.104921
-134.733629,95,103.168352
-100.429066,151,103.268302
-63.891851,151,103.422725
-71.841223,151,103.523186
-80.803721,151,103.624557
-80.20263,151,103.729554
-53.496736,151,103.832426
-6.58518,151,103.932752
-66.526367,151,104.033323
-31.537562,151,104.13464
-99.875107,68,104.180946
-92.064356,151,104.281835
-68.778904,151,104.381661
-128.97159,49,104.415206
-21.260577,57,104.453158
-67.780292,151,104.557642
-121.425673,151,104.663523
-55.023235,151,104.764872
-111.508319,151,104.923135
-115.017469,86,104.982475
-74.363139,151,105.083421
27.521649,151,105.198027
-105.869544,16,105.209432
-72.481474,151,105.313417
-12.245437,151,105.413527
-58.654049,151,105.514858
-154.042391,65,105.558526
-43.817693,151,105.659398
-114.441983,151,105.771043
-10.890493,151,105.875259
-149.545057,88,105.936909
-56.677195,151,106.040528
-121.46085,151,106.142626
-63.732562,15,106.152995
-104.02039,33,106.175593
-20.822459,151,106.329839
-42.897061,151,106.433158
-52.505333,151,106.534914
-45.809473,151,106.635445
-75.287192,151,106.740973
-45.247711,151,106.84199
-161.672088,116,106.919928
-62.035105,151,107.020011
-80.690298,151,107.120341
-104.436505,11,107.128187
-13.252638,151,107.228689
-125.546278,37,107.253978
-2.488266,151,107.356437
-86.659556,151,107.457323
-104.837718,15,107.467932
-60.86013,151,107.567675
28.517419,151,107.669398
-117.737032,65,107.76756
-59.161413,151,107.868052
-64.704479,151,107.968712
-50.296239,151,108.075013
-42.511787,151,108.177415
-77.42052,151,108.281771
-66.447923,151,108.383316
-51.679606,151,108.486004
-128.682202,150,108.60141
-17.695122,151,108.703049
-99.019246,151,108.807358
-96.874119,151,108.917892
-18.216287,151,109.019099
-134.354443,74,109.068711
-60.883752,151,109.221511
-41.186462,151,109.322549
-66.85525,151,109.423804
-185.70966,101,109.494211
-50.236952,151,109.594551
-6.76943,151,109.695582
-31.239666,151,109.795455
-39.321614,151,109.895196
-122.480297,80,109.948121
-2.579329,151,110.048092
-70.163594,151,110.147782
-10.462377,151,110.25161
-60.459322,151,110.35234
-34.289586,151,110.451675
-57.914735,151,110.551309
-117.769501,133,110.695447
118.684295,151,110.798134
-49.093388,151,110.903661
-20.855259,151,111.004493
-16.472263,151,111.105411
-143.539752,118,111.184124
-98.496569,19,111.197239
-73.617075,151,111.302786
-61.887112,151,111.404419
-131.187027,105,111.474765
-41.911061,151,111.577762
-41.214701,151,111.677212
-113.795475,64,111.720247
-20.493754,151,111.823039
-114.760986,70,111.87121
-58.243429,151,111.97807
-66.750573,151,112.133397
-10.799895,151,112.244908
-26.967622,151,112.358384
-12.74492,151,112.46472
-62.60969,43,112.495898
2.785889,151,112.600574
49.938975,151,112.702789
-13.774924,151,112.805333
4.165657,151,112.921286
-77.699602,151,113.048908
-29.457132,151,113.159645
-35.325126,151,113.263181
-67.583474,151,113.373384
-123.964708,95,113.440049
-1.546451,151,113.595431
-17.16548,151,113.700849
-37.847204,151,113.814109
-93.409705,151,113.919797
-96.985881,151,114.023384
-67.852901,151,114.132793
-3.799346,151,114.241509
-26.938968,151,114.348356
-62.157232,57,114.386855
5.52644,151,114.490281
-53.944313,151,114.597143
-69.58463,151,114.699908
-126.078667,96,114.764972
-58.526505,151,114.86625
-109.647217,23,114.88221
-43.556645,151,114.984972
-75.793309,151,115.149585
-103.761422,15,115.160081
-56.695631,55,115.19887
-42.262433,151,115.308409
-107.033697,22,115.324569
-46.720292,151,115.431578
-18.872051,151,115.541722
-17.547754,151,115.645914
0.100594,151,115.747945
-71.390585,151,115.848197
-97.045775,75,115.907724
-47.684235,151,116.0187
-41.393173,151,116.126467
-93.10372,151,116.231419
-69.837656,151,116.334342
-60.759874,151,116.435388
-31.434543,151,116.594207
-125.184999,87,116.652901
-7.339709,151,116.755659
-108.35437,61,116.7966
-48.985634,151,116.896125
-9.755793,151,116.996184
-25.469719,151,117.096335
0.955682,151,117.1973
-25.047929,151,117.298949
-26.41279,151,117.403118
-54.169461,151,117.503492
-48.208279,151,117.60544
-114.750277,66,117.65167
-28.13009,151,117.755749
-64.396902,151,117.859953
-81.403984,151,118.019209
-80.328863,151,118.124162
-15.973953,151,118.225591
-154.558873,151,118.326972
-104.118675,17,118.338938
-50.019646,151,118.440617
-65.795741,151,118.542614
-31.35618,151,118.643826
-22.700316,151,118.745701
-5.102734,151,118.849192
-38.104408,151,118.951292
-56.523553,151,119.05246
-44.669914,151,119.154301
-42.375458,151,119.255859
-12.114073,151,119.360438
-43.980203,151,119.514883
-54.513753,151,119.618622
-42.249349,151,119.723047
-40.390239,151,119.826304
-12.340811,151,119.927319
-105.436464,43,119.956366
-41.671177,151,120.056049
-51.320687,151,120.157025
-23.926033,151,120.261113
-28.715178,151,120.3629
-23.901456,151,120.464384
-24.348399,151,120.564786
-50.563151,151,120.664899
9.061862,151,120.766044
-10.109729,151,120.922552
-105.173891,151,121.030215
-92.815387,151,121.133937
-15.677799,151,121.238156
-31.193102,151,121.339336
-29.243146,151,121.440231
-1.277169,151,121.541121
-126.509053,61,121.58221
-46.628637,151,121.68682
-142.800994,116,121.76425
-194.58053,128,121.850773
-127.041915,93,121.913497
108.470701,151,122.013561
-125.878735,76,122.064948
-29.573282,151,122.167553
-56.312866,151,122.270586
90.598186,151,122.437993
-51.248903,151,122.540746
-49.759669,151,122.644744
-69.74546,151,122.746246
-86.886678,151,122.846972
-45.084271,151,122.94853
-14.394608,151,123.053117
-61.390944,96,123.117945
-24.372491,151,123.220047
-39.173342,151,123.321728
-32.829892,151,123.422373
-47.22593,151,123.523247
-69.158786,151,123.62688
-12.620272,151,123.79075
-58.911935,151,123.902817
-51.170831,151,124.010198
-54.759611,151,124.112615
-38.736633,151,124.214469
-53.197667,151,124.319906
-29.096149,151,124.422237
-57.172323,151,124.5257
5.415596,151,124.635096
-137.040388,116,124.72056
-0.053196,151,124.829684
-154.050145,126,124.918427
-112.136691,34,124.943246
-23.506131,151,125.06308
-123.684112,151,125.165894
225.885162,151,125.326406
-64.156715,151,125.435301
-41.900755,151,125.543192
-98.886407,20,125.557094
-104.835625,58,125.597528
-38.607927,151,125.702421
-82.693571,151,125.806877
-82.294742,151,125.908854
-76.013835,151,126.013193
-100.967136,33,126.0361
-46.10005,151,126.140521
-7.372212,151,126.243013
125.151265,151,126.344034
-59.471333,151,126.445028
-51.813607,151,126.545768
-65.503073,151,126.652056
-78.74533,151,126.806327
-103.654677,151,126.908128
-39.131658,151,127.018578
-15.193295,151,127.127307
-101.284582,25,127.1459
-102.003117,96,127.212272
-17.879833,151,127.314339
-21.471199,151,127.418576
51.034377,151,127.521919
-67.418024,151,127.624521
-143.665313,151,127.727564
-41.694672,151,127.834072
-80.788432,151,127.941969
-21.26823,151,128.050336
-9.185899,151,128.156686
-25.010037,151,128.310902
-104.479515,151,128.411634
-127.202504,64,128.454331
-26.58891,151,128.555405
-106.560968,30,128.575604
-31.396132,151,128.676408
-19.784577,151,128.776001
-106.513138,35,128.802816
-69.973065,151,128.903491
-57.618884,151,129.003611
-10.635807,151,129.103074
-0.612447,151,129.20347
-15.05889,26,129.22109
-116.489478,151,129.321938
-71.973626,151,129.42231
-103.909545,16,129.433372
-11.339293,151,129.536174
-43.85845,151,129.694526
-120.352922,74,129.747252
-81.830571,151,129.853716
-46.72355,151,129.954263
-137.01492,124,130.038726
-60.654122,151,130.140987
-31.54216,151,130.248264
-19.849519,151,130.348272
-11.486221,151,130.448049
-115.328465,34,130.470924
-47.637464,151,130.57162
-16.658976,151,130.670975
-65.956998,151,130.772718
-17.910449,151,130.877689
-62.117106,151,130.977859
-28.148839,151,131.131955
-44.906785,151,131.232533
-23.084004,151,131.333583
-85.813436,151,131.433985
-47.215084,151,131.534206
-127.18836,44,131.563697
-15.757646,151,131.66941
-28.969462,151,131.769524
-44.476907,151,131.870086
-86.154911,151,131.970807
-30.286531,151,132.074608
14.985003,151,132.177569
-84.314024,151,132.280312
-35.743965,151,132.38156
-30.564097,151,132.481744
-104.314924,99,132.602278
-23.651967,151,132.702769
-53.938032,151,132.80986
-38.439384,151,132.910023
-55.346191,151,133.016607
-40.68909,151,133.119645
-129.452356,98,133.185646
-73.433719,151,133.287955
-104.493757,11,133.296386
-54.205684,151,133.399707
43.933808,151,133.501058
-117.916845,127,133.586138
-69.279794,151,133.689425
-83.957702,151,133.79024
-4.208314,151,133.894319
-10.683937,151,134.056916
-27.895648,151,134.163204
-175.200893,83,134.220452
-14.062108,151,134.325586
-26.970308,151,134.430941
-19.292285,151,134.533797
-24.831527,151,134.635238
-57.068739,151,134.736715
-58.534351,151,134.836968
68.231959,151,134.937892
-36.472724,151,135.042553
-21.928089,151,135.152606
-64.705256,151,135.255454
-70.995523,151,135.359002
-3.052069,151,135.518631
-10.955135,151,135.62057
-58.059202,151,135.727896
-31.417606,151,135.841244
-101.085678,151,135.947875
-105.393171,151,136.049624
-62.364054,151,136.153154
-130.662404,115,136.232191
-64.960519,151,136.333365
-45.634195,151,136.435358
-67.420697,151,136.536746
-88.718342,151,136.642404
-36.435396,151,136.742739
-32.669671,151,136.843509
-34.723136,151,136.998931
-7.707319,151,137.099848
-26.178617,151,137.200355
-20.886733,151,137.30428
-91.426015,151,137.404818
-24.310151,151,137.504409
-137.701982,79,137.55795
-57.002919,151,137.659959
-1.562346,151,137.760972
-34.798182,151,137.861037
-40.085894,151,137.964654
-118.14153,68,138.010372
-44.339336,151,138.110215
-55.930438,151,138.211871
-151.535462,62,138.257456
-34.281577,151,138.413656
-127.204256,89,138.474103
-25.081453,151,138.575064
3.434891,151,138.679837
163.729717,151,138.781233
-35.192834,151,138.884349
-30.247671,151,138.984779
-31.537688,151,139.085917
-48.872245,151,139.18618
-90.665567,151,139.287633
-51.532813,151,139.391101
-33.359654,151,139.493679
-11.499931,151,139.595036
16.041784,151,139.696029
-56.090515,151,139.849204
-15.998676,151,139.950314
-54.201103,151,140.054009
-67.116786,151,140.158797
-14.904378,151,140.259352
-55.009195,151,140.360519
-18.866129,151,140.46118
-23.489126,151,140.562747
4.335039,151,140.667071
-155.028554,88,140.726153
220.381515,151,140.829916
-11.823282,151,140.937885
-73.658486,151,141.038235
-31.200179,151,141.138471
-170.347631,136,141.281974
-64.138165,151,141.382008
-5.718231,151,141.484634
-29.874762,151,141.585018
-109.521314,29,141.604632
-27.325789,151,141.704744
-58.170577,151,141.803684
-125.136144,112,141.877604
-59.818198,151,141.978352
19.542926,151,142.077482
-54.939509,133,142.168007
-45.92796,151,142.267671
-79.411854,65,142.310927
-4.741187,151,142.409919
70.121565,151,142.511533
-31.931083,151,142.669182
-113.980829,151,142.778653
-9.504313,151,142.884418
-37.051395,151,142.988368
-52.189302,151,143.090181
-104.115033,16,143.101636
-50.928179,151,143.20153
-57.182751,151,143.302852
-59.173312,151,143.404628
-22.113869,151,143.520662
-87.739739,151,143.637134
-137.912407,71,143.687173
-49.819188,151,143.792069
-51.549026,151,143.903422
-29.42025,151,144.003967
-65.973813,48,144.036434
-115.278586,149,144.223329
-127.249504,104,144.295295
-88.249883,151,144.411737
-48.226982,151,144.536083
-66.83931,151,144.645529
-10.350859,151,144.757945
-95.703073,151,144.862833
-69.810875,151,144.962692
-15.732538,151,145.063949
-3.624183,151,145.171022
-113.29568,91,145.235767
-65.552223,86,145.295438
-44.172258,151,145.400353
55.820674,151,145.507547
-59.729246,151,145.618003
-52.298562,151,145.781822
-43.674072,151,145.891153
-64.952045,151,146.00526
-62.593009,151,146.130452
-52.640637,151,146.240376
-47.453121,151,146.350025
-18.707252,151,146.459428
-73.938582,151,146.571471
-24.952201,151,146.686297
-12.531402,151,146.793492
-17.601619,151,146.900319
-71.126777,151,147.007115
-45.136605,151,147.114908
48.268676,151,147.278163
-11.862394,151,147.382022
-63.360459,151,147.485035
-61.301993,151,147.586542
156.675398,151,147.688486
78.961023,151,147.791065
-16.184786,42,147.819504
-61.079104,151,147.921096
-59.245121,151,148.022102
-105.431903,20,148.035833
-42.999269,151,148.141652
-57.490551,151,148.242861
-47.990821,151,148.343494
-115.168255,40,148.370722
-35.826943,151,148.470833
-18.437908,151,148.570909
-65.007878,151,148.723459
-120.038691,80,148.777175
-114.036227,42,148.809334
-15.325254,151,148.925397
-125.650241,102,148.993485
-1.866745,151,149.093775
-37.328969,151,149.195808
-87.03741,151,149.296085
-43.072657,151,149.396149
-46.103246,151,149.499958
-54.659094,151,149.601518
-30.786315,151,149.702782
-27.269513,151,149.80466
-47.17053,151,149.905043
-29.850253,151,150.006336
-34.9236,151,150.160403
-42.554396,151,150.265496
-107.536881,24,150.281808
-113.840048,62,150.32359
256.995282,151,150.423573
-7.224779,151,150.523372
-134.855951,87,150.582039
-63.976817,151,150.682345
-10.224836,151,150.783032
-79.633307,151,150.886588
-126.575097,101,150.955559
-13.998275,151,151.055497
-40.376046,151,151.157019
-69.16343,59,151.197223
-8.798306,151,151.296132
-56.552658,151,151.406754
-45.045687,151,151.559945
-40.628241,151,151.665216
-118.21864,56,151.702941
-83.205003,151,151.803715
-35.673768,151,151.903876
-55.042318,151,152.004781
-53.425293,151,152.104763
-118.884597,151,152.205105
-7.860584,151,152.309241
134.821422,151,152.409352
-116.873021,52,152.443823
-66.951159,151,152.54393
-53.442341,151,152.646124
-21.551072,151,152.747275
-59.272818,151,152.851146
-30.671591,151,153.007827
-134.295647,123,153.093315
-8.696936,151,153.198694
-55.849418,151,153.301015
-110.617105,149,153.402818
-4.159123,151,153.50407
-156.01638,63,153.54614
-37.530354,151,153.647182
-5.569515,151,153.753449
-17.00672,151,153.85687
-4.04766,151,153.959038
-7.89999,151,154.059526
-141.094803,137,154.152564
-58.163702,151,154.257164
1.809184,151,154.359063
-48.801406,151,154.525386
-110.531809,79,154.580585
-23.915551,151,154.687123
-39.020886,151,154.789027
-81.712588,51,154.823171
6.871816,151,154.924623
-33.348028,151,155.032302
-101.130796,147,155.137042
-236.347689,137,155.230479
-128.780931,75,155.280616
-64.414936,151,155.380984
-64.076936,151,155.482113
-44.440144,151,155.583864
-44.068304,151,155.685948
-46.482878,151,155.789951
-99.420987,151,155.950468
-37.331882,151,156.05312
-32.938789,151,156.157155
-15.48502,151,156.264507
-48.742258,151,156.365808
-58.031963,151,156.467196
-105.020747,151,156.573993
-7.180346,151,156.681109
-30.935255,151,156.785896
46.124514,151,156.886561
-0.658672,151,156.994183
0.675722,151,157.096417
-59.524631,151,157.201925
-54.489468,151,157.31229
-18.544461,151,157.473698
-103.355749,18,157.486814
-109.403289,22,157.502923
-87.575752,99,157.572868
52.883516,151,157.673913
-35.388351,151,157.774138
-60.341232,151,157.87437
-41.629713,151,157.977409
-30.465013,151,158.079965
-28.315686,151,158.180618
18.051983,151,158.281314
-48.684553,151,158.381466
-108.1695,70,158.42885
-17.668447,151,158.53083
-11.315174,151,158.630993
-105.238026,72,158.682467
-33.896188,151,158.840934
-38.031174,151,158.947573
-32.375146,151,159.051856
-2.562725,151,159.15417
-48.967933,151,159.257738
-59.266303,151,159.361759
-49.462294,151,159.471785
-75.070962,151,159.576937
-109.178633,58,159.619933
-38.769596,151,159.727473
-49.285819,151,159.82741
-80.41357,151,159.92756
-44.106343,151,160.030538
-80.436952,151,160.135133
-8.798251,151,160.236465
-50.157095,151,160.391307
-35.084289,151,160.502134
-62.814562,151,160.61008
-20.668913,151,160.716763
-66.226992,151,160.830281
-19.884018,151,160.939089
-146.079061,124,161.029994
-145.288498,137,161.124454
-37.762507,151,161.225194
-115.256664,151,161.3252
-28.577,151,161.428004
-67.706477,151,161.542439
-69.421138,151,161.658747
-120.105488,60,161.704419
-37.47599,151,161.872097
-71.865507,151,161.984317
-50.684548,151,162.105283
-37.729709,151,162.21753
-99.950452,151,162.326839
-31.023807,151,162.441992
-39.627791,151,162.546574
-59.340112,151,162.652179
-23.952216,151,162.752995
-23.537469,151,162.854635
-64.383354,107,162.926055
-64.030222,151,163.028598
-37.24067,151,163.133085
-107.072151,62,163.177093
-46.752327,151,163.354868
-60.875106,151,163.463695
-34.908375,151,163.571091
-33.493953,151,163.683942
-70.279231,151,163.799396
-175.433265,146,163.909191
-79.379233,151,164.014081
-21.179968,151,164.116445
-28.243443,151,164.219078
189.453706,151,164.32051
-4.829313,151,164.422409
-8.702098,151,164.524303
-66.528342,151,164.631571
-56.307163,151,164.733902
-104.477355,42,164.763641
-47.554283,151,164.918761
-30.960888,151,165.020558
-105.37842,30,165.04096
-108.775098,78,165.093707
-15.638548,151,165.196566
-25.622388,151,165.301047
-57.261954,151,165.402283
-93.730357,151,165.503112
-81.582955,151,165.60438
-29.483203,151,165.716276
-55.43689,151,165.822426
-47.648082,151,165.934565
-34.768947,151,166.046749
-50.899437,151,166.151172
-35.863715,151,166.25726
-85.303072,151,166.413398
-122.811274,66,166.457287
-62.164402,151,166.557707
-70.551349,151,166.657957
-37.559143,151,166.762024
219.75814,151,166.862
-72.31378,151,166.962603
-63.842772,151,167.062662
23.899631,151,167.162677
-40.071606,151,167.265419
-65.108633,151,167.37031
-46.867272,151,167.490783
-20.678037,151,167.59747
-3.226729,151,167.701374
-58.45535,151,167.860178
-174.01495,132,167.951743
-25.853808,151,168.056123
113.178908,151,168.163624
-114.012228,40,168.191771
-8.794549,151,168.292952
-54.148609,151,168.395234
-55.745169,151,168.497294
-42.096948,151,168.601068
-75.728153,151,168.703783
-36.093574,151,168.805268
-58.00809,151,168.910737
-163.338836,108,168.983648
-67.261826,151,169.0886
-16.165381,151,169.25525
-55.310674,151,169.360983
-72.306013,49,169.395211
-18.241358,151,169.496194
-5.433802,151,169.600022
-101.182965,151,169.701437
-81.583537,151,169.802357
-75.082778,151,169.902616
-116.395547,71,169.950965
-106.348523,20,169.964912
-80.595545,151,170.064989
-27.619235,151,170.166584
-63.775384,151,170.270164
-40.937324,151,170.371177
-31.448563,151,170.471838
-111.435202,151,170.572325
-107.373941,20,170.586009
-73.414645,89,170.705756
-108.226249,30,170.727575
-63.660838,151,170.836386
-60.547693,151,170.943068
-103.656788,27,170.962826
-44.474816,151,171.069857
-29.79248,151,171.172682
-64.537311,151,171.273593
38.32628,151,171.373918
-40.092489,151,171.474243
-152.066867,127,171.560651
-37.759438,151,171.665236
-14.389631,151,171.770358
-59.31841,151,171.872733
-23.440126,151,171.974862
-10.133497,151,172.07535
-23.928235,151,172.236342
-120.027333,102,172.307357
-7.436237,151,172.410671
-39.965389,151,172.518024
-38.649963,151,172.623672
238.290975,151,172.72803
-56.24122,151,172.829373
-78.065723,151,172.9307
0.962437,151,173.031527
-105.858293,21,173.046046
-114.779226,104,173.122465
-64.695923,112,173.200488
-66.457419,151,173.30229
-70.55176,151,173.403181
-112.268933,48,173.435786
-50.828966,151,173.536165
-48.164028,151,173.691836
-18.52558,151,173.796564
-113.834045,83,173.856025
-60.747127,151,173.95822
-118.772227,106,174.02952
-20.822581,151,174.129962
-12.793542,151,174.231218
-3.173597,151,174.33322
-133.101535,151,174.434865
-52.82789,151,174.538939
-49.782613,151,174.640403
-137.997892,80,174.694032
-84.41585,151,174.795232
157.255751,151,174.895323
-61.675643,151,175.053123
-79.722948,151,175.158384
-84.22199,151,175.264302
-87.218956,151,175.365866
-68.282985,17,175.377522
-39.851481,151,175.478631
-107.79377,25,175.496002
-96.42625,151,175.599604
-29.724254,151,175.700606
-60.37144,151,175.802105
-125.537393,97,175.867908
64.055079,151,175.972917
-90.887008,151,176.072576
-35.383819,151,176.173121
-43.708098,151,176.273146
-39.226869,151,176.375872
-21.54222,151,176.532229
-8.499533,151,176.633286
-7.337063,151,176.737172
-54.626088,151,176.837143
-4.062884,151,176.936445
-37.860077,151,177.038136
27.151706,151,177.137864
-16.317226,151,177.238653
-51.152129,151,177.342982
-62.132272,151,177.443615
-29.179729,151,177.543596
-107.491432,27,177.562131
-0.23746,151,177.662552
-53.930029,151,177.761979
-61.362162,151,177.917835
-103.404728,44,177.947632
-60.98509,151,178.051194
-65.098404,151,178.15212
-30.72472,151,178.253189
-106.31787,127,178.338021
-30.782997,151,178.438549
-47.045128,151,178.538356
-24.922952,151,178.638392
-36.596279,151,178.742314
-101.51959,58,178.782007
161.132064,151,178.884292
-111.348599,44,178.914027
115.73505,151,179.014037
-46.268715,151,179.114221
-54.030599,151,179.21472
-111.513659,51,179.248936
-45.139451,151,179.403272
-32.124519,151,179.507304
-29.806691,151,179.607696
-37.51536,151,179.708944
11.730898,151,179.810148
-19.232087,151,179.910805
-23.069741,151,180.012737
-69.112335,151,180.117537
-49.696205,151,180.226265
-105.971055,20,180.240093
-31.005329,151,180.342277
-32.369189,151,180.455214
-53.820882,151,180.556846
-43.035721,151,180.658627
-59.738713,151,180.815348
-146.061648,130,180.906811
-51.812402,151,181.009198
-31.828687,151,181.110309
-26.889219,151,181.213555
-52.494506,151,181.31858
75.865383,151,181.422313
-36.123189,151,181.527287
-13.114775,151,181.638226
-9.801486,151,181.746681
-24.902707,151,181.853899
-12.308543,151,181.957591
309.879077,151,182.060402
-53.991087,151,182.162674
-71.777377,151,182.323404
-72.349324,151,182.426721
-64.172529,151,182.528041
-13.962218,151,182.633377
-97.454693,42,182.662701
-56.663861,151,182.774909
-106.646421,18,182.788833
-66.301398,151,182.899372
-57.781148,151,183.009555
-103.015283,11,183.017884
-59.866127,151,183.130561
-21.294271,151,183.23466
-104.686087,151,183.33815
-18.555582,151,183.440372
-27.522537,151,183.541055
-38.740075,151,183.642525
-110.95456,151,183.801866
-82.30961,151,183.902997
-20.426123,151,184.007089
-38.760365,151,184.111304
-53.704885,151,184.217987
64.806194,151,184.320452
121.001307,151,184.421724
-75.354177,151,184.52766
101.178093,151,184.627715
-107.457492,41,184.655453
-108.932836,24,184.671773
-19.675934,151,184.77238
-19.921129,151,184.872939
-85.995894,151,184.973045
-8.750606,151,185.07357
15.988093,151,185.23236
-67.968496,151,185.332679
-44.488985,151,185.433323
-31.784461,151,185.534701
-53.951706,151,185.635432
-51.972428,151,185.73664
-112.743881,90,185.798302
-68.860771,151,185.903806
-31.135545,151,186.00372
-42.389562,151,186.105069
-33.552607,151,186.205131
-55.342091,151,186.304499
-49.949567,151,186.405701
-34.7692,151,186.507507
-34.37089,151,186.67491
-15.370385,151,186.777635
-46.084992,151,186.878075
-10.663354,151,186.979408
-56.680791,151,187.082281
-18.865077,151,187.18471
-53.830201,151,187.288905
-28.165803,151,187.391273
-105.899486,151,187.504205
-12.228919,151,187.609731
-15.64682,151,187.712185
-41.680674,151,187.812684
-60.351017,151,187.914769
-81.953977,115,187.997689
-43.596916,151,188.156105
-3.35571,151,188.25698
-115.622282,88,188.315568
-35.108915,151,188.414906
-43.190732,151,188.525995
-22.820553,151,188.628652
-28.952525,151,188.733611
-60.451373,151,188.833846
-32.430865,151,188.934541
-64.897987,151,189.035947
-84.50837,151,189.13834
-32.749492,151,189.239825
-112.24181,85,189.297304
-57.10666,151,189.402207
71.168029,151,189.556952
-37.884237,151,189.658134
-45.54334,151,189.761209
-5.180441,151,189.861554
-17.583239,151,189.962325
-43.843135,151,190.063976
-32.101672,151,190.173009
-56.168421,151,190.280071
-117.792912,69,190.326938
-69.668698,151,190.427182
-35.442098,151,190.527848
-86.214119,151,190.633006
-85.283873,151,190.734565
-26.899698,151,190.83978
-16.607308,151,190.942343
-48.192656,151,191.102769
-69.795819,151,191.207178
-66.567569,151,191.308348
-109.607289,151,191.410964
-102.916681,17,191.423057
-67.310658,151,191.526959
-117.138041,104,191.598932
-51.230201,151,191.700965
-26.905523,151,191.801024
-62.203969,151,191.905837
-10.171901,151,192.015024
-37.565534,151,192.11471
-105.761703,14,192.124257
-106.52541,26,192.142081
-72.573557,151,192.255938
-24.726252,151,192.364709
-32.805199,151,192.521128
-29.241249,151,192.621604
-15.396327,151,192.722216
-33.31949,151,192.822768
-118.724968,88,192.881747
-61.879859,151,192.985528
-121.785817,48,193.017772
-13.790651,151,193.117333
-104.46723,26,193.134807
-46.314373,151,193.235939
-69.550413,151,193.336158
-8.085011,151,193.442881
-76.999753,151,193.5489
-19.762886,151,193.655528
-50.191557,151,193.756194
-110.582403,32,193.778071
-36.246008,151,193.933687
-37.238152,151,194.033837
-35.074723,151,194.154965
-75.146504,144,194.26476
-73.022638,151,194.375797
-55.298253,151,194.486722
-52.533332,151,194.587968
-3.973858,151,194.688649
-44.222104,151,194.789804
-50.987864,151,194.890191
-110.16372,42,194.918602
-59.355575,151,195.01935
-8.904921,151,195.124875
124.770317,151,195.227543
-37.684517,151,195.330824
-39.584527,151,195.489931
-41.93423,151,195.591789
-80.906358,151,195.6925
38.830443,151,195.792065
-104.07782,12,195.800651
-7.034637,151,195.905327
-143.306626,99,195.971483
-116.412229,53,196.007122
-1.446303,151,196.108388
-56.555973,151,196.209866
-20.985586,151,196.311243
-27.701624,151,196.412847
-130.686732,92,196.47589
-53.603949,151,196.58131
-56.332679,151,196.682609
-77.642261,151,196.783051
-57.071006,151,196.94048
-39.109681,151,197.041156
-88.017955,151,197.141514
-108.181295,22,197.156692
-55.546009,151,197.261366
-47.163923,151,197.362115
-60.873007,151,197.461833
1.575118,151,197.563256
-103.53562,13,197.572321
-26.203346,151,197.672753
-51.564022,151,197.772116
-62.143846,151,197.87278
-53.40442,151,197.976745
-104.016575,21,197.991261
-101.875773,23,198.007312
-33.102074,151,198.117687
-7.151752,151,198.218946
-25.029834,151,198.371164
-130.877842,63,198.414579
-17.867806,151,198.518633
-80.96211,151,198.622796
-2.427138,151,198.731143
-17.161908,151,198.83288
-35.880191,151,198.93336
-27.057163,151,199.033342
-28.758618,151,199.134167
-64.880421,151,199.234987
-69.197655,151,199.340036
-53.199471,151,199.442577
-48.781377,151,199.544027
-81.192479,151,199.645474
-105.102358,14,199.655231
-47.350708,151,199.811615
-7.478848,151,199.925666
-45.758588,151,200.026868
-39.622488,151,200.131819
-58.634144,151,200.232781
-11.382844,151,200.332484
-115.371958,65,200.376088
-39.646123,151,200.476413
-17.202002,151,200.575894
-114.234457,128,200.661381
-19.210443,151,200.766863
-61.931751,151,200.866781
-16.030468,151,200.968229
-39.898334,151,201.082706
-52.652726,151,201.237288
-105.712119,17,201.249072
-34.666022,151,201.350615
-94.327732,151,201.453104
-39.24308,151,201.557499
-37.614362,151,201.658566
-13.767945,151,201.759093
-16.093189,151,201.859774
-3.892007,151,201.968081
-51.18453,151,202.071668
-71.878048,151,202.175203
-45.390617,151,202.278501
-102.485322,105,202.349422
-116.665115,44,202.379376
-4.833096,151,202.47984
-84.479917,151,202.637889
-60.09292,151,202.739128
-37.634587,151,202.841212
-27.983564,151,202.952127
-45.1208,151,203.057768
-53.802063,151,203.160769
-96.724687,151,203.276119
-61.332147,151,203.377785
-20.274169,151,203.47953
-50.030653,151,203.582731
-99.72411,151,203.688066
-57.119304,151,203.790107
-139.414141,124,203.873147
-102.599674,30,203.89387
-111.031669,39,203.921058
-48.194429,151,204.027789
118.792302,151,204.189012
-30.371147,151,204.290837
-75.820771,151,204.400189
-28.830018,151,204.501943
173.383614,151,204.60342
-101.280325,151,204.704795
-63.605839,151,204.807485
-80.535401,151,204.912206
-15.694892,151,205.019198
-67.83045,151,205.121
-115.345494,65,205.16486
-150.693391,147,205.268264
-60.678146,151,205.371048
-145.033089,131,205.458655
10.363498,151,205.614106
-71.113792,151,205.71487
-24.732817,151,205.828423
-59.625349,151,205.929866
-87.968241,151,206.030474
-28.43284,151,206.134941
-82.751048,151,206.236694
-120.97559,64,206.28077
-114.252813,36,206.30545
-136.060313,142,206.412209
-55.460632,151,206.518796
-45.001547,151,206.619982
-28.451924,151,206.722297
-58.811139,151,206.824693
-34.046991,151,206.926633
-23.243047,151,207.087679
-45.408931,151,207.199649
-127.413177,114,207.288446
-34.145817,151,207.396181
-23.972042,151,207.496715
-10.275945,151,207.598234
-10.714422,151,207.700641
-51.886141,151,207.801373
-84.733141,151,207.906765
-135.091202,86,207.965487
-46.28749,151,208.06616
-26.771454,151,208.17008
-114.052662,151,208.272608
-37.429202,151,208.3886
-49.263221,151,208.555629
-13.866052,151,208.662955
-40.459315,151,208.768398
-55.36794,151,208.870622
-33.646628,151,208.97432
-11.769001,151,209.077134
-82.63389,151,209.180603
-47.609776,151,209.282788
-91.217939,151,209.388082
-118.418979,135,209.478719
-95.072602,151,209.578896
-79.749731,151,209.680255
-55.330698,151,209.781586
-54.519006,151,209.886341
-36.572392,151,210.057121
-49.6529,151,210.168322
-60.730284,151,210.274614
-44.494631,151,210.383513
-1.251205,151,210.487792
-42.939774,151,210.601221
-115.049802,41,210.631161
-55.307513,151,210.733425
-49.290018,151,210.83949
-50.830597,151,210.942045
-39.537817,151,211.043376
-116.593649,68,211.089282
-59.995637,151,211.192148
-39.853123,151,211.294436
-35.176199,151,211.396594
-36.853179,151,211.556382
-25.203827,151,211.657323
-22.236937,151,211.75777
-109.266034,27,211.776696
-38.085811,151,211.881806
-29.596503,151,211.985103
20.823683,151,212.086171
-41.321445,151,212.187325
76.198711,151,212.291845
-57.456597,151,212.39258
-72.759664,151,212.492847
-28.178422,151,212.592953
-55.29934,151,212.69314
-19.72502,151,212.792827
-149.833905,93,212.910094
-34.157811,151,213.017497
-64.112661,151,213.118361
-158.586538,143,213.213405
125.740425,151,213.313503
-50.332,151,213.414565
-44.349378,151,213.519773
-62.175619,151,213.632081
-14.590097,151,213.738948
-91.077824,151,213.841117
-33.964953,151,213.942751
-59.282452,151,214.043608
87.724344,151,214.14449
-2.39525,151,214.24618
238.883827,151,214.404313
-133.246716,95,214.467847
-83.997555,151,214.567592
-46.309062,151,214.668155
-35.669174,151,214.770953
-97.720223,151,214.873679
-40.918335,151,214.976041
-69.641952,151,215.089772
-77.584217,151,215.196213
32.821593,151,215.298285
-10.709475,151,215.403353
48.719239,151,215.506452
-9.13983,151,215.6082
-17.962916,151,215.711233
-21.174909,151,224.442341
2.786968,151,232.936652
-28.57713,151,241.542621
-51.264861,151,250.114449
-149.555255,148,258.579576
-36.217688,151,267.102319
-29.078043,151,275.687515
-132.376292,88,280.750092
-54.567023,151,289.553027
-111.824701,31,291.338889
-58.463706,151,299.983828
-97.632758,151,308.363983
-172.087827,136,316.159441
-36.314907,151,324.949372
